artifact_id,artefact_group,filename,current_path,proposed_package_path,description,version,current_state,status_at_registration,pre_existing_or_prospective,access_class,registration_inclusion,sha256,created_or_modified_at,source_commit,authoritative_status,supersedes_or_superseded_by,notes,size_bytes,git_blob_oid,protocol_source_commit,protocol_source_commit_date,protocol_source_commit_message,implementation_last_checked_commit,metadata_generated_on,protocol_status,current_implementation_basis,frozen,registered,registration_identifier,registration_timestamp,official_sample_draw_authorised,supersedes,superseded_by,pending_gates,protocol_source_kind
PRO-001,00_protocol,Validation_Protocol_PreReg_v0.9.docx,preregistration/package/00_protocol/Validation_Protocol_PreReg_v0.9.docx,preregistration/package/00_protocol/Validation_Protocol_PreReg_v0.9.docx,Preserved unregistered protocol candidate preceding the 17 July post-training revision.,0.9,superseded,draft_template,prospective,public,include,1ff1add4fdcddaa6b55d19370cd16b88cbc128b2688466d897ee579390e5285a,2026-07-14T16:56:26+00:00,04132a7331f53fa42ebae2af5d169daeade5331d,superseded,PRO-003,Not frozen or registered; preserved separately under the repository draft-version convention.,,,,,,,,,,,,,,,,,,
PRO-002,00_protocol,Validation_Protocol_PreReg_final.pdf,,preregistration/package/00_protocol/Validation_Protocol_PreReg_final.pdf,Final protocol PDF for immutable registration,final,not_yet_generated,frozen,not_applicable,public,include,,,,missing_expected_artefact,PRO-005,Generate only after candidate 0.6 fresh live REDCap runtime QA formal-instrument freeze Jo review and final cross-document and repository audit.,,,,,,,,,,,,,,,,,,
PRO-003,00_protocol,Validation_Protocol_PreReg_v0.10.docx,preregistration/package/00_protocol/Validation_Protocol_PreReg_v0.10.docx,preregistration/package/00_protocol/Validation_Protocol_PreReg_v0.10.docx,Active unregistered protocol candidate directly incorporating the 17 July 2026 diagnostic-instrument decisions.,0.10,superseded,draft_template,prospective,public,include,432224b6fed707a94ae23e7b0dbc9ecced788fac3e75d581cd02c995a34b17c5,2026-07-21T08:25:54+00:00,04132a7331f53fa42ebae2af5d169daeade5331d,superseded,PRO-004,Unregistered v0.10 review candidate; superseded by v0.11 and preserved as history.,,,,,,,,,,,,,,,,,,
PRO-004,00_protocol,Validation_Protocol_PreReg_v0.11.docx,preregistration/package/00_protocol/Validation_Protocol_PreReg_v0.11.docx,preregistration/package/00_protocol/Validation_Protocol_PreReg_v0.11.docx,Validation protocol for LLM-assisted classification of the DEA accredited research projects register,v0.11,superseded,draft_template,prospective,public,include,03f593bdc7d1c49145eefd48bda256603994371415cb7bb312bcd58ad01f3a27,2026-07-21T13:50:15+00:00,04132a7331f53fa42ebae2af5d169daeade5331d,superseded,PRO-005,Committed unregistered v0.11 review candidate with the process-flow figure; superseded by v0.12 and preserved byte-for-byte as history.,410916,4c2abc3b65d42c2ccd83ffc48089d8797082611c,04132a7331f53fa42ebae2af5d169daeade5331d,2026-07-21T14:52:29+01:00,insert flowchart into prereg protocol,04132a7331f53fa42ebae2af5d169daeade5331d,2026-07-21,superseded_review_candidate,false,false,false,,,false,v0.10,v0.12,,committed_blob
PRO-005,00_protocol,Validation_Protocol_PreReg_v0.12.docx,preregistration/package/00_protocol/Validation_Protocol_PreReg_v0.12.docx,preregistration/package/00_protocol/Validation_Protocol_PreReg_v0.12.docx,Current collaborator-review protocol candidate recording post-pilot shared calibration circulation closed coder feedback qualitative model-direction check and remaining formal-instrument gates.,v0.12,working_candidate,draft_template,prospective,public,include,51324ddec2354dfe8883a53742f745d997bb2d8afb71021977ae58221c7a6798,2026-07-21T21:15:58Z,e0c322fd77ae93a574a0dfcee076757d294de0d2,current_candidate,PRO-004,"Current unregistered working-tree review candidate amended in place under the repository review-candidate convention. It records simultaneous calibration circulation on 21 July 2026 closed coder feedback candidate 0.6 as the current formal-instrument review candidate and re-verification of the model-direction check against the frozen canonical 1,308-row GPT-5.5 artefact. It is not frozen or registered and authorises neither official sampling nor formal coding; fresh live REDCap runtime QA and formal-instrument freeze remain pending.",411034,d44c795fe8809dc9fd6119f9ed4ca1cc2ee6f4a9,04132a7331f53fa42ebae2af5d169daeade5331d,2026-07-21T14:52:29+01:00,insert flowchart into prereg protocol,e0c322fd77ae93a574a0dfcee076757d294de0d2,2026-07-21,review_candidate,true,false,false,,,false,v0.11,,Complete fresh live REDCap runtime QA and freeze the formal instrument | Complete Jo's final substantive review | Resolve and propagate all resulting changes | Complete final cross-document and repository consistency checks | Create and freeze the final preregistration protocol | Submit and verify the official preregistration,working_tree_candidate
SRC-001,01_source_and_cleaning,dea_accredited_projects_20260601.xlsx,data/dea_accredited_projects_20260601.xlsx,preregistration/package/01_source_and_cleaning/dea_accredited_projects_20260601.xlsx,Supporting XLSX representation of the June 2026 raw UKSA source-register snapshot,20260601,existing,frozen,pre_existing,public,exclude,4f3851544846059c15b4df4dadc63b33079ca47a07e4eae41e98d5ddb3e452a3,2026-06-11T07:40:18+00:00,04132a7331f53fa42ebae2af5d169daeade5331d,supporting,SRC-011; SRC-002,Supporting source-format artefact. The canonical authoritative study input is the June CSV in SRC-002; this XLSX is excluded from the proposed package to avoid two active authoritative raw-source rows.,,,,,,,,,,,,,,,,,,
SRC-002,01_source_and_cleaning,dea_accredited_projects_20260601.csv,data/dea_accredited_projects_20260601.csv,preregistration/package/01_source_and_cleaning/dea_accredited_projects_20260601.csv,"Raw UKSA DEA accredited-project register snapshot dated 1 June 2026; canonical source input for the frozen cleaning pipeline and the 1,308-record validation population.",20260601,existing,frozen,pre_existing,public,include,abd65ff9d8a5a521a83b5a8cd62eac2808fc330eda9f3f012751ad364f5c9d5d,2026-06-11T07:40:18+00:00,04132a7331f53fa42ebae2af5d169daeade5331d,authoritative,SRC-012; SRC-013,"Canonical raw source snapshot for the preregistered study. Do not overwrite or relocate. Distinct from the subsequently generated cleaned 1,308-record register. A curated copy may be made only during final OSF package assembly if required.",,,,,,,,,,,,,,,,,,
SRC-003,01_source_and_cleaning,register_manifest.json,data/register_manifest.json,preregistration/package/01_source_and_cleaning/register_manifest.json,Source register version and retrieval manifest,schema-1,existing,frozen,pre_existing,public,include,35c14bee2785306bae4048c936f82bd0c01527a368a969b33f1b54c9adb31045,2026-06-11T07:40:18+00:00,04132a7331f53fa42ebae2af5d169daeade5331d,authoritative,,Explicitly identifies 20260601 as current and older snapshots as prior or legacy.,,,,,,,,,,,,,,,,,,
SRC-004,01_source_and_cleaning,register_cleaning.py,analysis/register_cleaning.py,preregistration/package/01_source_and_cleaning/register_cleaning.py,Current register cleaning implementation,git-current,existing,frozen,pre_existing,public,include,4670131c3c57cec8d101db14790915a3c5e6fc2a4a68dd973acf4408fca2725c,2026-07-21T08:25:54+00:00,04132a7331f53fa42ebae2af5d169daeade5331d,authoritative,,Phase 3 audit reproduced the exact frozen 1308-record cleaned population from the June source and reviewed rulings.,,,,,,,,,,,,,,,,,,
SRC-005,01_source_and_cleaning,METHODS_LOG.md,METHODS_LOG.md,preregistration/package/01_source_and_cleaning/METHODS_LOG.md,Cleaning and versioning history including the corrected active population,rolling,existing,frozen,pre_existing,public,include,3ee89da03ec8efefd1809a8e2d027f70b6a92920a656b0afa2c04127bbce8fd0,2026-07-21T08:25:54+00:00,04132a7331f53fa42ebae2af5d169daeade5331d,supporting,,Includes a short cross-reference to the dated 17 July pilot-feedback log; the full instrument-change entries are not duplicated here.,,,,,,,,,,,,,,,,,,
SRC-006,01_source_and_cleaning,register_duplicate_rulings.yaml,analysis/register_duplicate_rulings.yaml,preregistration/package/01_source_and_cleaning/register_duplicate_rulings.yaml,Reviewed rulings for duplicate official Project IDs,1.0,existing,frozen,pre_existing,public,include,b074283b8995ccbeb09a2c15a48d2867994fe8c3d7146ccf07fba59fa3064f73,2026-07-14T09:40:47+00:00,04132a7331f53fa42ebae2af5d169daeade5331d,authoritative,,Governs one merged update and four retained two-record Project-ID groups.,,,,,,,,,,,,,,,,,,
SRC-007,01_source_and_cleaning,register_cleaning.py,analysis/register_cleaning.py,preregistration/package/01_source_and_cleaning/register_cleaning.py,Stable Record-ID assignment and duplicate-ruling implementation,git-current,existing,frozen,pre_existing,public,include,4670131c3c57cec8d101db14790915a3c5e6fc2a4a68dd973acf4408fca2725c,2026-07-21T08:25:54+00:00,04132a7331f53fa42ebae2af5d169daeade5331d,authoritative,,Same physical file as SRC-004; listed separately because Record-ID logic is a required conceptual artefact.,,,,,,,,,,,,,,,,,,
SRC-008,01_source_and_cleaning,test_record_id_stability.py,analysis/test_record_id_stability.py,preregistration/package/01_source_and_cleaning/test_record_id_stability.py,Tests for content-stable Record IDs and classifier fingerprints,git-current,existing,frozen,pre_existing,public,include,c4c675c7b19750e3f649013a36f319695122e3009eabbe885d657132323b97a2,2026-07-21T08:25:54+00:00,04132a7331f53fa42ebae2af5d169daeade5331d,supporting,SRC-007,Supports but does not replace the governing implementation.,,,,,,,,,,,,,,,,,,
SRC-009,01_source_and_cleaning,dea_accredited_projects_20260601_cleaned_1308.csv,preregistration/package/01_source_and_cleaning/dea_accredited_projects_20260601_cleaned_1308.csv,preregistration/package/01_source_and_cleaning/dea_accredited_projects_20260601_cleaned_1308.csv,Standalone frozen cleaned population keyed by clean stable Record ID,20260601-clean-id,existing,frozen,pre_existing,public,include,a334bd7f06e23db4cc8497274b36c0c483f6f0db7b079013e18729cd189ff9c1,2026-07-21T08:25:54+00:00,04132a7331f53fa42ebae2af5d169daeade5331d,authoritative,,Generated before registration by the corrected canonical cleaning pipeline. Contains 1308 clean unique Record IDs; no raw source content was altered.,,,,,,,,,,,,,,,,,,
SRC-010,01_source_and_cleaning,manifest.json,analysis/outputs_deterministic_rc2/manifest.json,preregistration/package/01_source_and_cleaning/deterministic_manifest.json,Deterministic-register-properties generation manifest,rc2,needs_verification,frozen,pre_existing,public,undecided,9df6cd1f28a2c8777399cd37cf8b31b889dbcf0b2964c6e0c89b79b4f930cf09,2026-07-14T09:40:47+00:00,04132a7331f53fa42ebae2af5d169daeade5331d,ambiguous,,Reports 1308 rows but records a dirty generating worktree and Windows-local absolute paths; portability and authority require review.,,,,,,,,,,,,,,,,,,
SRC-011,01_source_and_cleaning,dea_accredited_projects_20260325.xlsx,data/dea_accredited_projects_20260325.xlsx,preregistration/package/01_source_and_cleaning/prior/dea_accredited_projects_20260325.xlsx,Prior source register spreadsheet,20260325,superseded,frozen,pre_existing,public,exclude,cd4b11a055280d3ed8848a7222077c8f2bfe6f6bfa010febdf8839b971065672,2026-06-02T14:17:56+00:00,04132a7331f53fa42ebae2af5d169daeade5331d,superseded,SRC-001,Retained as historical provenance; the register manifest points to 20260601 as current.,,,,,,,,,,,,,,,,,,
SRC-012,01_source_and_cleaning,dea_accredited_projects_20260325.csv,data/dea_accredited_projects_20260325.csv,preregistration/package/01_source_and_cleaning/prior/dea_accredited_projects_20260325.csv,Prior source register CSV,20260325,superseded,frozen,pre_existing,public,exclude,56d148ea3e17cb8fdbe21fb6b70636dbf91c2642e9282e51c85932dd6ade5aac,2026-04-29T12:06:48+00:00,04132a7331f53fa42ebae2af5d169daeade5331d,superseded,SRC-002,"Historical March 2026 raw register snapshot. Superseded as the study source by data/dea_accredited_projects_20260601.csv. Retained for provenance and register change history; not the source for the final 1,308-record validation frame.",,,,,,,,,,,,,,,,,,
SRC-013,01_source_and_cleaning,dea_accredited_projects.csv,data/dea_accredited_projects.csv,preregistration/package/01_source_and_cleaning/prior/dea_accredited_projects_legacy.csv,Legacy source register CSV,legacy,superseded,frozen,pre_existing,public,exclude,ce3eab8a0eb5bd560187f8fb0aee01c38611cecce23f843e064c46d5abe84040,2025-05-20T14:34:26+00:00,04132a7331f53fa42ebae2af5d169daeade5331d,superseded,SRC-002,Register manifest labels this 1153-row extract as fallback only.,,,,,,,,,,,,,,,,,,
SRC-014,01_source_and_cleaning,instruction_reviewed_duplicate_record_id_report.md,,preregistration/package/01_source_and_cleaning/instruction_reviewed_duplicate_record_id_report.md,Migration report referenced by the methods log,not_assigned,missing,frozen,pre_existing,public,undecided,,,,missing_expected_artefact,,Referenced in METHODS_LOG.md but not found; recover or correct the reference.,,,,,,,,,,,,,,,,,,
SRC-015,01_source_and_cleaning,register_cleaning_integrity_report.json,preregistration/package/01_source_and_cleaning/register_cleaning_integrity_report.json,preregistration/package/01_source_and_cleaning/register_cleaning_integrity_report.json,Machine-readable integrity report for the corrected 1308-record cleaning output,20260601-clean-id,existing,frozen,pre_existing,public,include,2a85bd901402c77bce4453de7a481be52a1eddaef163105ca783ce24c22c52e5,2026-07-21T08:25:54+00:00,04132a7331f53fa42ebae2af5d169daeade5331d,authoritative,,Generated before registration to document deterministic correction of a source-cleaning defect; no model output was produced.,,,,,,,,,,,,,,,,,,
SRC-016,01_source_and_cleaning,record_id_whitespace_normalisation_audit.csv,preregistration/package/01_source_and_cleaning/record_id_whitespace_normalisation_audit.csv,preregistration/package/01_source_and_cleaning/record_id_whitespace_normalisation_audit.csv,Escaped audit of 16 boundary-whitespace Record-ID corrections,20260714,existing,frozen,pre_existing,public,include,9fe4f02f79a164b18989db69e77861f5720f722b96827aa52997101d9495ac50,2026-07-21T08:25:54+00:00,04132a7331f53fa42ebae2af5d169daeade5331d,authoritative,,Documents the exact one-to-one key mapping without embedding literal control characters in CSV rows.,,,,,,,,,,,,,,,,,,
SRC-017,01_source_and_cleaning,migrate_record_id_whitespace.py,analysis/migrate_record_id_whitespace.py,preregistration/package/01_source_and_cleaning/migrate_record_id_whitespace.py,Offline deterministic Record-ID whitespace migration implementation,20260714,existing,frozen,mixed,public,include,499bccbbba67f1ceaaf3b5372bd14205101d73e9c7baacd22b290efdf1022148,2026-07-21T08:25:54+00:00,04132a7331f53fa42ebae2af5d169daeade5331d,supporting,,Generated before registration to migrate current derived Record-ID keys losslessly; contains no API client and never changes raw source or recovered run caches.,,,,,,,,,,,,,,,,,,
SRC-018,01_source_and_cleaning,test_migrate_record_id_whitespace.py,tests/test_migrate_record_id_whitespace.py,preregistration/package/01_source_and_cleaning/test_migrate_record_id_whitespace.py,Synthetic tests for the offline Record-ID whitespace migration,20260714,existing,frozen,mixed,public,include,361d151bbc7aa990ec8d1ec3e1ba8c01e6c57bad027131a4986dba1ba7ec9286,2026-07-21T08:25:54+00:00,04132a7331f53fa42ebae2af5d169daeade5331d,supporting,,Generated before registration; uses synthetic fixtures and no model calls.,,,,,,,,,,,,,,,,,,
SRC-019,01_source_and_cleaning,record_id_normalisation_verification_report.md,preregistration/package/01_source_and_cleaning/record_id_normalisation_verification_report.md,preregistration/package/01_source_and_cleaning/record_id_normalisation_verification_report.md,Canonical Record-ID whitespace and control-character audit,20260714,existing,frozen,pre_existing,public,include,78e6e6e9a5552ee3fd0d358bd3d53b9fa59b20adb83979b43e2526e11542d67d,2026-07-21T08:25:54+00:00,04132a7331f53fa42ebae2af5d169daeade5331d,authoritative,,Documents clean current authoritative outputs after the deterministic key migration.,,,,,,,,,,,,,,,,,,
SRC-020,01_source_and_cleaning,record_id_whitespace_migration_log.json,preregistration/package/01_source_and_cleaning/record_id_whitespace_migration_log.json,preregistration/package/01_source_and_cleaning/record_id_whitespace_migration_log.json,Machine-readable source-to-current Record-ID migration log,20260714,existing,frozen,pre_existing,public,include,e7fde433534b2ad825075e346662c98ba5d1f0b8b1a91cdea7d6a2f179393c6d,2026-07-21T08:25:54+00:00,04132a7331f53fa42ebae2af5d169daeade5331d,authoritative,,Records old and new hashes and semantic non-ID content checks for every offline migrated artefact.,,,,,,,,,,,,,,,,,,
SRC-021,01_source_and_cleaning,register_properties.csv,analysis/outputs_deterministic_rc2/register_properties.csv,preregistration/package/01_source_and_cleaning/register_properties.csv,Current deterministic register properties with clean Record-ID keys,rc2 clean-id,existing,frozen,pre_existing,public,include,318bc4409a7d41c9c96b6d364e0e78b9c340165c1a0244f6243faf801565a43f,2026-07-21T08:25:54+00:00,04132a7331f53fa42ebae2af5d169daeade5331d,supporting,,Migrated offline only at Record-ID values; no substantive deterministic properties changed.,,,,,,,,,,,,,,,,,,
SRC-022,01_source_and_cleaning,organisation_names_for_review.csv,analysis/outputs_deterministic_rc2/quality/organisation_names_for_review.csv,preregistration/package/01_source_and_cleaning/organisation_names_for_review.csv,Current organisation review list with clean Record-ID tokens,rc2 clean-id,existing,frozen,pre_existing,public,include,9f34be846b7555f62e6186ce25b3f49c1e8a668f536c38f9f94a937ea787c9ee,2026-06-12T06:39:22+00:00,04132a7331f53fa42ebae2af5d169daeade5331d,supporting,,Migrated offline only in semicolon-delimited Record-ID tokens; no organisation content changed.,,,,,,,,,,,,,,,,,,
SRC-023,01_source_and_cleaning,reviewed_duplicate_record_id_migration_audit.csv,analysis/outputs/reviewed_duplicate_record_id_migration_audit.csv,preregistration/package/01_source_and_cleaning/reviewed_duplicate_record_id_migration_audit.csv,Current reviewed duplicate Record-ID migration audit,clean-id,existing,frozen,pre_existing,public,include,3790fbe30797257571db11c5466099e7d2f6e3e4adb1f3086710b3222d1c437a,2026-07-14T21:38:07+00:00,bcba114f41297a9fb9da39a724bbce8c3ea80048,supporting,,Migrated offline only at Record-ID values; preserves the historical duplicate-ruling evidence.,,,,,,,,,,,,,,,,,,
SRC-024,01_source_and_cleaning,source_register_provenance.json,preregistration/package/01_source_and_cleaning/source_register_provenance.json,preregistration/package/01_source_and_cleaning/source_register_provenance.json,Machine-readable June source and deterministic cleaned-population provenance,phase3-20260715,existing,frozen,pre_existing,public,include,ca5e7aa171ed2e249626180018ad55d6d5f385ac2f434038b68aeeb66073d734,2026-07-21T08:25:54+00:00,04132a7331f53fa42ebae2af5d169daeade5331d,authoritative,,Records publisher source URL dates raw and cleaned hashes counts and the documented LF/CRLF representation relationship.,,,,,,,,,,,,,,,,,,
MOD-001,02_taxonomy_prompt_and_model,taxonomy_data_dictionary.yaml,taxonomy_data_dictionary.yaml,preregistration/package/02_taxonomy_prompt_and_model/taxonomy_data_dictionary.yaml,Frozen taxonomy dictionary and ontology,1.0-rc2 / v3.4-rc2,existing,frozen,pre_existing,public,include,7ddbf1bb5ae4588c82c7c23f90bd96885684ff1ec71382f6403c36c4b89e31de,2026-06-09T15:52:52+00:00,04132a7331f53fa42ebae2af5d169daeade5331d,authoritative,MOD-002,Authoritative design fact and file metadata agree.,,,,,,,,,,,,,,,,,,
MOD-002,02_taxonomy_prompt_and_model,taxonomy_data_dictionary.triage_backup.yaml,,preregistration/package/02_taxonomy_prompt_and_model/prior/taxonomy_data_dictionary_1.0.yaml,Ignored taxonomy triage backup,1.0 / v3.4,missing,frozen,pre_existing,public,exclude,,,,superseded,MOD-001,Previously inventoried ignored backup is not present in this checkout; the current governing taxonomy is unchanged.,,,,,,,,,,,,,,,,,,
MOD-003,02_taxonomy_prompt_and_model,production_prompt_dict-1.0-rc2.txt,,preregistration/package/02_taxonomy_prompt_and_model/production_prompt_dict-1.0-rc2.txt,Exact rendered production classifier prompt,dict-1.0-rc2,missing,frozen,pre_existing,public,include,,,,missing_expected_artefact,,Prompt is dynamically assembled from code and taxonomy; no standalone exact rendering was found.,,,,,,,,,,,,,,,,,,
MOD-004,02_taxonomy_prompt_and_model,llm_theme_analysis_v3.py,analysis/llm_theme_analysis_v3.py,preregistration/package/02_taxonomy_prompt_and_model/llm_theme_analysis_v3.py,Classifier and dynamic prompt implementation,dict-1.0-rc2,existing,frozen,pre_existing,public,include,97acd1e93debe14880f5f10a458d2372040cee870efd09d92ab911384bf31c65,2026-07-02T13:04:39+00:00,04132a7331f53fa42ebae2af5d169daeade5331d,authoritative,MOD-003,Phase 3 authoritative production classifier and dynamic prompt implementation; the absent standalone rendering is documented as a packaging limitation.,,,,,,,,,,,,,,,,,,
MOD-005,02_taxonomy_prompt_and_model,run_metadata.json,analysis/outputs_classified_20260702_fable5/run_metadata.json,preregistration/package/02_taxonomy_prompt_and_model/production_run_metadata.json,Production Fable 5 model and run configuration manifest,20260702 clean-id,existing,frozen,pre_existing,public,include,0fd030520130542b70c3de719c136d9df6c66147c1bbfaa30108abb16e8671e4,2026-07-21T08:25:54+00:00,04132a7331f53fa42ebae2af5d169daeade5331d,authoritative,,Records Fable 5; dict-1.0-rc2; 1308 records; a 201-entry seed-cache reference; and only clean current Record-ID keys after offline migration.,,,,,,,,,,,,,,,,,,
MOD-006,02_taxonomy_prompt_and_model,layer_classifications.csv,analysis/outputs_classified_20260702_fable5/layer_classifications.csv,preregistration/package/02_taxonomy_prompt_and_model/fable5_production_classifications_1308.csv,Production Fable 5 classification output,20260702 clean-id,existing,frozen,pre_existing,public,include,9827fc9f01b9e1f3e9b58fe8f41b59eb5a569c77aacb77d5140628ec04f5eeab,2026-07-21T08:25:54+00:00,04132a7331f53fa42ebae2af5d169daeade5331d,authoritative,MOD-008,Release pointer targets this directory; audited shape is 1308 clean Record IDs and 1304 Project IDs. Classification content is unchanged apart from 16 corrected keys. Manifest SHA-256 uses the LF-normalized Git-content convention (9827fc9f...); raw Windows working bytes hash to 6f4ff530....,,,,,,,,,,,,,,,,,,
MOD-007,02_taxonomy_prompt_and_model,layer_summary.txt,analysis/outputs_classified_20260702_fable5/layer_summary.txt,preregistration/package/02_taxonomy_prompt_and_model/production_layer_summary.txt,Production-run narrative summary file,20260702,needs_verification,frozen,pre_existing,public,undecided,e3b0c44298fc1c149afbf4c8996fb92427ae41e4649b934ca495991b7852b855,2026-07-02T13:04:39+00:00,04132a7331f53fa42ebae2af5d169daeade5331d,ambiguous,,File exists but is empty; decide whether to omit or regenerate without changing scientific results.,,,,,,,,,,,,,,,,,,
MOD-008,02_taxonomy_prompt_and_model,layer_classifications.csv,analysis/outputs_classified_20260601/layer_classifications.csv,preregistration/package/02_taxonomy_prompt_and_model/prior/fable_classifications_1309.csv,Older June classification output with pre-ruling duplicate handling,20260601,superseded,frozen,pre_existing,public,exclude,5a11ae86ddd47f843882b1544743fbf34092ea5a3e12dde81645774d5621f3d8,2026-06-12T06:41:07+00:00,04132a7331f53fa42ebae2af5d169daeade5331d,superseded,MOD-006,Contains 1309 Record IDs and five duplicated official Project IDs; not the current production output.,,,,,,,,,,,,,,,,,,
MOD-009,02_taxonomy_prompt_and_model,all_projects_classified.csv,analysis/outputs_classified_20260702_fable5/all_projects_classified.csv,preregistration/package/02_taxonomy_prompt_and_model/fable5_all_projects_classified_1308.csv,Current Fable 5 all-projects output with clean canonical Record IDs,20260702 clean-id,existing,frozen,pre_existing,public,include,94b3daa5388bcfbb42ec3cce69a5a7194ed61578667ba7452c70afd1ccf3406a,2026-07-14T21:38:07+00:00,bcba114f41297a9fb9da39a724bbce8c3ea80048,authoritative,,Migrated offline from the current output; all non-ID classification content is unchanged.,,,,,,,,,,,,,,,,,,
MOD-010,02_taxonomy_prompt_and_model,llm_layer_cache.json,analysis/outputs_classified_20260702_fable5/llm_layer_cache.json,preregistration/package/02_taxonomy_prompt_and_model/fable5_production_llm_layer_cache.json,Current Fable 5 production cache with clean canonical Record-ID keys,20260702 clean-id,existing,frozen,pre_existing,public,include,a2469fae3c6eed1aad326332652bfad87234c7cb8209e87e838aa5bfcb345781,2026-07-14T21:38:07+00:00,bcba114f41297a9fb9da39a724bbce8c3ea80048,authoritative,,Migrated offline only at Record-ID mapping keys and embedded Record-ID fields; it is distinct from the recovered Run 1 and Run 2 source caches.,,,,,,,,,,,,,,,,,,
MOD-011,02_taxonomy_prompt_and_model,production_release_manifest.yaml,preregistration/package/02_taxonomy_prompt_and_model/production_release_manifest.yaml,preregistration/package/02_taxonomy_prompt_and_model/production_release_manifest.yaml,Machine-readable Phase 3 production release identity tying source cleaning taxonomy model output evidence and exclusions,phase3-20260715,existing,frozen,mixed,public,include,84c0b3c95741954132cc37b83b0ae016ed180e8a38867c07bc364bb81645e127,2026-07-21T21:20:42Z,e0c322fd77ae93a574a0dfcee076757d294de0d2,authoritative,,"Generated offline before registration from verified current paths, hashes, counts, versions, and prospective-boundary facts; exclusion and disagreement-frame hashes now explicitly identify the canonical LF raw-file basis.",5331,,,,,,,,,,,,,,,,,
EVD-001,03_preexisting_model_evidence,llm_layer_cache.json,analysis/outputs/model_comparison_fable_5_run1/llm_layer_cache.json,preregistration/package/03_preexisting_model_evidence/fable5_run1_llm_layer_cache.json,Fable 5 Run 1 source cache for the fixed 201-record stability comparison,dict-1.0-rc2 Run 1,existing,frozen,pre_existing,public,include,d8deaedc6fe1e07ca7552b62873cd3f7d31605737c0ddadd24f5a0a397854299,2026-07-21T08:25:54+00:00,04132a7331f53fa42ebae2af5d169daeade5331d,authoritative,,Recovered original pre-registration Fable 5 classification cache. Preserved byte-for-byte and verified through deterministic recomputation. Contains public register inputs and model outputs; no API credential.,,,,,,,,,,,,,,,,,,
EVD-002,03_preexisting_model_evidence,llm_layer_cache.json,analysis/outputs/model_comparison_fable_5_run2/llm_layer_cache.json,preregistration/package/03_preexisting_model_evidence/fable5_run2_llm_layer_cache.json,Fable 5 Run 2 source cache for the same fixed 201-record stability comparison,dict-1.0-rc2 Run 2,existing,frozen,pre_existing,public,include,4ea454db575f99ce2706d50b8273cd00e79d583beded608048af86cf8573acc5,2026-07-21T08:25:54+00:00,04132a7331f53fa42ebae2af5d169daeade5331d,authoritative,,Recovered original pre-registration Fable 5 classification cache. Preserved byte-for-byte and verified through deterministic recomputation. Contains public register inputs and model outputs; no API credential.,,,,,,,,,,,,,,,,,,
EVD-003,03_preexisting_model_evidence,fable_run_stability_201_record_manifest.csv,preregistration/package/03_preexisting_model_evidence/fable_run_stability_201_record_manifest.csv,preregistration/package/03_preexisting_model_evidence/fable_run_stability_201_record_manifest.csv,Exact verified Record-ID manifest shared by both Fable 5 stability runs,verified-20260714,existing,frozen,pre_existing,public,include,573fedeed00c12b0258f9846e4d8fa64b1390b645aa4c2f664099d9a98e6f3f1,2026-07-21T08:25:54+00:00,04132a7331f53fa42ebae2af5d169daeade5331d,authoritative,,Generated before registration to package and verify pre-existing classification evidence; no new model classifications were produced.,,,,,,,,,,,,,,,,,,
EVD-004,03_preexisting_model_evidence,fable_run_stability_verification_report.md,preregistration/package/03_preexisting_model_evidence/fable_run_stability_verification_report.md,preregistration/package/03_preexisting_model_evidence/fable_run_stability_verification_report.md,Deterministic verification report for the two recovered Fable 5 stability runs,verified-20260714,existing,frozen,pre_existing,public,include,27c27b14b98c066a366307cd0e932784ce70db2df2c4809a9f154d23a3809996,2026-07-21T08:25:54+00:00,04132a7331f53fa42ebae2af5d169daeade5331d,authoritative,,Generated before registration to verify and package pre-existing classification evidence; exact metrics and production linkage reproduced with no model call.,,,,,,,,,,,,,,,,,,
EVD-005,03_preexisting_model_evidence,gpt55_classifications.csv,analysis/releases/gpt55_crossmodel_20260707/gpt55_classifications.csv,preregistration/package/03_preexisting_model_evidence/gpt55_classifications_1308.csv,Pre-existing GPT-5.5 classifications for all 1308 retained records,dict-1.0-rc2 clean-id,existing,frozen,pre_existing,public,include,5bb4379174e1c9b9cf7faf611712c53648bc57eea7ba1d28127ecedab16b5ded,2026-07-14T21:38:07Z,e0c322fd77ae93a574a0dfcee076757d294de0d2,authoritative,,"Frozen canonical GPT-5.5 release for formal validation; recovered from the original run output and preserved byte-for-byte. The release is byte-identical to analysis/outputs/gpt55_classifications.csv; no classification was reconstructed regenerated or edited. The absent 1,309-row restricted pilot intermediate is not a formal dependency.",920480,,,,,,,,,,,,,,,,,
EVD-006,03_preexisting_model_evidence,gpt55_crossmodel_stratum_run.py,analysis/outputs/gpt55_crossmodel_stratum_run.py,preregistration/package/03_preexisting_model_evidence/compare_fable5_gpt55.py,Current Fable 5/GPT-5.5 comparison and stratum generator,verified-20260714,existing,frozen,mixed,public,include,718c789f4a41dac6d8be0812f47a25f2a92a4444ed9a0b228ec0473c8c461a0e,2026-07-21T08:25:54+00:00,04132a7331f53fa42ebae2af5d169daeade5331d,supporting,,Delegates its deterministic comparison construction to the frozen-tag helper; no provider or model-call path was invoked.,,,,,,,,,,,,,,,,,,
EVD-007,03_preexisting_model_evidence,fable5_gpt55_verification_report.md,preregistration/package/03_preexisting_model_evidence/fable5_gpt55_verification_report.md,preregistration/package/03_preexisting_model_evidence/fable5_gpt55_verification_report.md,Offline cross-model verification report,verified-20260714,existing,frozen,pre_existing,public,include,a87c10518c5f6326d15e4e4c6f8968cb106ed617a7ccacb704f448d850d1fbb6,2026-07-21T08:25:54+00:00,04132a7331f53fa42ebae2af5d169daeade5331d,authoritative,,Generated before registration by deterministic local recomputation; reports corrected canonical tag agreement and unchanged domain purpose and stratum counts with no model call.,,,,,,,,,,,,,,,,,,
EVD-008,03_preexisting_model_evidence,gpt55_disagreement_frame_380.csv,preregistration/package/03_preexisting_model_evidence/gpt55_disagreement_frame_380.csv,preregistration/package/03_preexisting_model_evidence/gpt55_disagreement_frame_380.csv,Full post-exclusion hard disagreement evidence frame,verified-20260714,existing,frozen,pre_existing,public,include,e21c113913beb5f70bb45080808c7d4d78df95798f32db16aecf718b10cb93af,2026-07-21T08:25:54+00:00,04132a7331f53fa42ebae2af5d169daeade5331d,authoritative,,"Deterministically regenerated from corrected current outputs; 380 records with 182 domain-only, 143 purpose-only, 55 both-dimension, and 11 accompanying tag disagreements.",,,,,,,,,,,,,,,,,,
EVD-009,03_preexisting_model_evidence,build_model_comparison.py,analysis/build_model_comparison.py,preregistration/package/03_preexisting_model_evidence/prior/build_opus_sonnet_comparison.py,Older Opus/Sonnet comparison builder,legacy-v3,existing,frozen,pre_existing,public,exclude,2e167869ac0c7017b19598edf2a037e2a3ed82557df8755ab52fc4ae65cb9897,2026-06-09T15:52:52+00:00,04132a7331f53fa42ebae2af5d169daeade5331d,superseded,EVD-006,Relevant historical tool but does not implement the required Fable 5/GPT-5.5 comparison.,,,,,,,,,,,,,,,,,,
EVD-010,03_preexisting_model_evidence,layer_classifications.csv,analysis/outputs_v4_8_rc1/layer_classifications.csv,preregistration/package/03_preexisting_model_evidence/prior/opus48_rc1_classifications.csv,Older Opus 4.8 rc1 classification output,dict-1.0-rc1,superseded,frozen,pre_existing,public,exclude,c2b6091927ded5a311e307336bb2c0ff3499a1ad09e8d2bc29b14a77140ab6f7,2026-06-11T07:29:03+00:00,04132a7331f53fa42ebae2af5d169daeade5331d,superseded,MOD-006,Contains 1272 records from an earlier register and ontology configuration.,,,,,,,,,,,,,,,,,,
EVD-011,03_preexisting_model_evidence,layer_classifications.csv,analysis/outputs_v4_8_rc1_replicate/layer_classifications.csv,preregistration/package/03_preexisting_model_evidence/prior/opus48_rc1_replicate.csv,Older Opus 4.8 rc1 full-register replicate,dict-1.0-rc1,superseded,frozen,pre_existing,public,exclude,f0239daa764203f20f69c1912467b6ca12cb2b1c416cbf82775e6d83d367d5d5,2026-06-11T07:29:03+00:00,04132a7331f53fa42ebae2af5d169daeade5331d,superseded,MOD-006,Contains 1272 records and is not the production-model 201-record repeatability run.,,,,,,,,,,,,,,,,,,
EVD-012,03_preexisting_model_evidence,layer_classifications.csv,analysis/outputs_v4_8_rc2/layer_classifications.csv,preregistration/package/03_preexisting_model_evidence/prior/opus48_rc2_classifications.csv,Older Opus 4.8 rc2 classification output,dict-1.0-rc2,superseded,frozen,pre_existing,public,exclude,97c391a201e802c6efb3b975f5cb0d3e1c62b295aebd0794e5bef578825bc82e,2026-06-11T07:29:04+00:00,04132a7331f53fa42ebae2af5d169daeade5331d,superseded,MOD-006,Contains 1272 records; taxonomy match alone does not make this the production output.,,,,,,,,,,,,,,,,,,
EVD-013,03_preexisting_model_evidence,consistency_trial_1.json,analysis/outputs_v3/quality/consistency_trial_1.json,preregistration/package/03_preexisting_model_evidence/prior/consistency_trial_1.json,Legacy classifier consistency trial 1,legacy-v3,superseded,frozen,pre_existing,public,exclude,d7f87186ea33af8d77a1153c4a9408b8183ca399e9c46f9abe9be57669ea525e,2026-05-26T09:46:16+00:00,04132a7331f53fa42ebae2af5d169daeade5331d,superseded,EVD-001,Not evidence for the Fable 5 fixed 201-record repeatability design.,,,,,,,,,,,,,,,,,,
EVD-014,03_preexisting_model_evidence,consistency_trial_2.json,analysis/outputs_v3/quality/consistency_trial_2.json,preregistration/package/03_preexisting_model_evidence/prior/consistency_trial_2.json,Legacy classifier consistency trial 2,legacy-v3,superseded,frozen,pre_existing,public,exclude,1694e03d72af0abfacb7c96015a934166faacbfc029cdb255e03399988b03864,2026-05-26T09:46:16+00:00,04132a7331f53fa42ebae2af5d169daeade5331d,superseded,EVD-002,Not evidence for the Fable 5 fixed 201-record repeatability design.,,,,,,,,,,,,,,,,,,
EVD-015,03_preexisting_model_evidence,consistency_trial_3.json,analysis/outputs_v3/quality/consistency_trial_3.json,preregistration/package/03_preexisting_model_evidence/prior/consistency_trial_3.json,Legacy classifier consistency trial 3,legacy-v3,superseded,frozen,pre_existing,public,exclude,3f6d85926d618780ab8b13b6b1b391a2846dffc047a1ed1cfe98bd01eaceada1,2026-05-26T09:46:16+00:00,04132a7331f53fa42ebae2af5d169daeade5331d,superseded,EVD-001; EVD-002,Not evidence for the Fable 5 fixed 201-record repeatability design.,,,,,,,,,,,,,,,,,,
EVD-016,03_preexisting_model_evidence,consistency_report.txt,analysis/outputs_v3/quality/consistency_report.txt,preregistration/package/03_preexisting_model_evidence/prior/consistency_report.txt,Legacy consistency report,legacy-v3,superseded,frozen,pre_existing,public,exclude,3ea5c83f9f429003c343715e4e6c3d462b5769690313a186fb2df7e0b60db29d,2026-05-26T09:46:16+00:00,04132a7331f53fa42ebae2af5d169daeade5331d,superseded,EVD-004,Historical report generated by the older three-trial consistency workflow.,,,,,,,,,,,,,,,,,,
EVD-017,03_preexisting_model_evidence,experiment_sample_150.csv,analysis/outputs_v3/model_selection_v3.2/experiment_sample_150.csv,preregistration/package/03_preexisting_model_evidence/prior/experiment_sample_150.csv,Legacy model-comparison sample,legacy-v3.2,superseded,frozen,pre_existing,public,exclude,bda7e0f2bcca6d900c0a049b1aed5064a97dde6966f34b3a26853621b80f0bca,2026-05-26T09:46:16+00:00,04132a7331f53fa42ebae2af5d169daeade5331d,superseded,EVD-003,150-record Opus/Sonnet experiment sample; not the fixed 201-record Fable repeatability manifest.,,,,,,,,,,,,,,,,,,
EVD-018,03_preexisting_model_evidence,verify_fable_run_stability.py,analysis/verify_fable_run_stability.py,preregistration/package/03_preexisting_model_evidence/verify_fable_run_stability.py,Offline deterministic Fable 5 stability verification implementation,verified-20260714,existing,frozen,mixed,public,include,940b8cc6243ae6aa636a9dc779390c2f792e1bfaca07a2e09998edb9f3ee88a1,2026-07-21T08:25:54+00:00,04132a7331f53fa42ebae2af5d169daeade5331d,supporting,,Generated before registration to verify and package pre-existing classifications; contains no network client and produces no classifications.,,,,,,,,,,,,,,,,,,
EVD-019,03_preexisting_model_evidence,test_verify_fable_run_stability.py,tests/test_verify_fable_run_stability.py,preregistration/package/03_preexisting_model_evidence/test_verify_fable_run_stability.py,Synthetic tests for the offline Fable stability verifier,verified-20260714,existing,frozen,mixed,public,include,307093a3a4e9e6a5d2657b6cdd0e0d227bd697d5de23ec940b0c86349ffd6250,2026-07-21T08:25:54+00:00,04132a7331f53fa42ebae2af5d169daeade5331d,supporting,,Generated before registration to test deterministic verification behavior; uses synthetic fixtures only.,,,,,,,,,,,,,,,,,,
EVD-020,03_preexisting_model_evidence,fable_run_stability_record_diagnostics.csv,preregistration/package/03_preexisting_model_evidence/fable_run_stability_record_diagnostics.csv,preregistration/package/03_preexisting_model_evidence/fable_run_stability_record_diagnostics.csv,Record-level diagnostics for all 201 Fable run comparisons,verified-20260714,existing,frozen,pre_existing,public,include,5b775aa3b61323dce3ebb77ec084514f25aca153f5650d0b2a1e2acd98bde1d9,2026-07-21T08:25:54+00:00,04132a7331f53fa42ebae2af5d169daeade5331d,authoritative,,Generated before registration to verify and package pre-existing classification evidence; no new model classifications were produced.,,,,,,,,,,,,,,,,,,
EVD-021,03_preexisting_model_evidence,fable_run_stability_metrics.json,preregistration/package/03_preexisting_model_evidence/fable_run_stability_metrics.json,preregistration/package/03_preexisting_model_evidence/fable_run_stability_metrics.json,Machine-readable Fable stability metrics and input provenance,verified-20260714,existing,frozen,pre_existing,public,include,26a1494410b36aa2b05ef52ec74f643cb34dc9f5d5a0f7e35530aac03e6dc975,2026-07-21T08:25:54+00:00,04132a7331f53fa42ebae2af5d169daeade5331d,authoritative,,Generated before registration from recovered pre-existing caches by deterministic local recomputation; no model call was made.,,,,,,,,,,,,,,,,,,
EVD-022,03_preexisting_model_evidence,fable_run_stability_recovery_log.md,preregistration/package/03_preexisting_model_evidence/fable_run_stability_recovery_log.md,preregistration/package/03_preexisting_model_evidence/fable_run_stability_recovery_log.md,Forensic recovery search and preservation log for the Fable stability evidence,verified-20260714,existing,frozen,mixed,public,include,d3773c259cbb363fe7c9d811d21b33bc9cf58a08b7c305f68abf05ca11214686,2026-07-21T08:25:54+00:00,04132a7331f53fa42ebae2af5d169daeade5331d,supporting,,Generated before registration to document recovery and verification of pre-existing classification evidence.,,,,,,,,,,,,,,,,,,
EVD-023,03_preexisting_model_evidence,run_metadata.json,analysis/outputs/model_comparison_fable_5_run1/run_metadata.json,preregistration/package/03_preexisting_model_evidence/fable5_run1_run_metadata.json,Fable 5 Run 1 provenance and execution metadata,dict-1.0-rc2 Run 1,existing,frozen,pre_existing,public,include,2fa24fee924cbcefde0bbc06135d21735197b0565e0b5e04880179946ba57b64,2026-07-21T08:25:54+00:00,04132a7331f53fa42ebae2af5d169daeade5331d,authoritative,,Recovered original pre-registration run metadata. Preserved byte-for-byte; records model prompt sample path count timestamp and non-secret usage provenance.,,,,,,,,,,,,,,,,,,
EVD-024,03_preexisting_model_evidence,run_metadata.json,analysis/outputs/model_comparison_fable_5_run2/run_metadata.json,preregistration/package/03_preexisting_model_evidence/fable5_run2_run_metadata.json,Fable 5 Run 2 provenance and execution metadata,dict-1.0-rc2 Run 2,existing,frozen,pre_existing,public,include,4a3f8a255a72d00d5be47482051066949833cc15f5002a6e1f54ac2f6a4dc133,2026-07-21T08:25:54+00:00,04132a7331f53fa42ebae2af5d169daeade5331d,authoritative,,Recovered original pre-registration run metadata. Preserved byte-for-byte; records model prompt sample path count timestamp and non-secret usage provenance.,,,,,,,,,,,,,,,,,,
EVD-025,03_preexisting_model_evidence,fable5_gpt55_metrics.json,preregistration/package/03_preexisting_model_evidence/fable5_gpt55_metrics.json,preregistration/package/03_preexisting_model_evidence/fable5_gpt55_metrics.json,Machine-readable current Fable 5/GPT-5.5 comparison metrics,verified-20260714,existing,frozen,pre_existing,public,include,d84c3d497d3c556f7d59aaf1471738ff455d6edcf626d39f0f618b97bd136e7a,2026-07-21T21:20:42Z,e0c322fd77ae93a574a0dfcee076757d294de0d2,authoritative,,Scientific metrics are unchanged; provenance fields now explicitly identify canonical LF raw-file hashes for the exclusion and disagreement-frame CSVs.,2562,,,,,,,,,,,,,,,,,
EVD-026,03_preexisting_model_evidence,gpt55_gpt-5.5_dict-1.0-rc2_llm_layer_cache.json,analysis/outputs/gpt55_gpt-5.5_dict-1.0-rc2_llm_layer_cache.json,preregistration/package/03_preexisting_model_evidence/gpt55_llm_layer_cache.json,Current GPT-5.5 cache with clean canonical Record-ID keys,dict-1.0-rc2 clean-id,existing,frozen,pre_existing,public,include,edd288deefb5a2be6bc97544bfe185a3c3d407bf2bafca04c9db52939d6abb0e,2026-07-14T21:38:07+00:00,bcba114f41297a9fb9da39a724bbce8c3ea80048,authoritative,,Migrated offline only at validated Record-ID keys and embedded Record-ID fields; classification content is unchanged.,,,,,,,,,,,,,,,,,,
EVD-027,03_preexisting_model_evidence,gpt55_run_metadata.json,analysis/outputs/gpt55_run_metadata.json,preregistration/package/03_preexisting_model_evidence/gpt55_run_metadata.json,Current GPT-5.5 run metadata with clean canonical Record-ID references,dict-1.0-rc2 clean-id,existing,frozen,pre_existing,public,include,e67af0028bc0567ab14194ef9e119a85111901a11f83bf3358f3e4f805ec9fe9,2026-07-14T21:38:07+00:00,bcba114f41297a9fb9da39a724bbce8c3ea80048,authoritative,,Migrated offline only at validated Record-ID references; no model execution occurred.,,,,,,,,,,,,,,,,,,
EVD-028,03_preexisting_model_evidence,crossmodel_comparison.csv,analysis/outputs/crossmodel_comparison.csv,preregistration/package/03_preexisting_model_evidence/crossmodel_comparison.csv,Current deterministic Fable 5/GPT-5.5 full comparison output,verified-20260714,existing,frozen,pre_existing,public,include,b086fc9ffc7340dd19f7bd6220b19f476ec15372d9abde4e27c477a1e7346ad2,2026-07-14T22:53:50+00:00,bcba114f41297a9fb9da39a724bbce8c3ea80048,authoritative,,Regenerated from corrected current outputs; label sets are unchanged and the canonical equity-tag facet flags are corrected.,,,,,,,,,,,,,,,,,,
EVD-029,03_preexisting_model_evidence,crossmodel_disagreement_stratum.csv,analysis/outputs/crossmodel_disagreement_stratum.csv,preregistration/package/03_preexisting_model_evidence/crossmodel_disagreement_stratum.csv,Current deterministic Fable 5/GPT-5.5 disagreement stratum output,verified-20260714,existing,frozen,pre_existing,public,include,309c7fc910ece0fa78719d9f78f8300a4b111c0d05c0260421c00f0260d72e94,2026-07-14T22:53:50+00:00,bcba114f41297a9fb9da39a724bbce8c3ea80048,authoritative,,Regenerated from corrected current outputs; it is pre-existing model evidence and not an official validation sample.,,,,,,,,,,,,,,,,,,
EVD-030,03_preexisting_model_evidence,crossmodel_comparison.py,analysis/crossmodel_comparison.py,preregistration/package/03_preexisting_model_evidence/crossmodel_comparison.py,Offline taxonomy-backed Fable 5/GPT-5.5 comparison helper,verified-20260714,existing,frozen,mixed,public,include,10067b1ac63e12bbae6bd49b7a020c6736998b168dc252a5f596bfdb784652d8,2026-07-21T08:25:54+00:00,04132a7331f53fa42ebae2af5d169daeade5331d,supporting,,Generated before registration to compare existing classification outputs with the frozen two-tag vocabulary; no network client or classification path.,,,,,,,,,,,,,,,,,,
EVD-031,03_preexisting_model_evidence,regenerate_crossmodel_evidence.py,analysis/regenerate_crossmodel_evidence.py,preregistration/package/03_preexisting_model_evidence/regenerate_crossmodel_evidence.py,Offline cross-model evidence regeneration command,verified-20260714,existing,frozen,mixed,public,include,45ca980dae887ca230eb1f787e8ef4d8aebadbb8f9fc178a5d3463b275ece80e,2026-07-21T21:13:11Z,e0c322fd77ae93a574a0dfcee076757d294de0d2,supporting,,Generated before registration to regenerate deterministic comparison artefacts from existing local outputs only; no new classifications were produced.,9606,,,,,,,,,,,,,,,,,
EVD-032,03_preexisting_model_evidence,test_crossmodel_comparison.py,tests/test_crossmodel_comparison.py,preregistration/package/03_preexisting_model_evidence/test_crossmodel_comparison.py,Synthetic tests for canonical cross-model tag comparison,verified-20260714,existing,frozen,mixed,public,include,f19eafa535377144b017a6ef20719fa6df814a7c431d7be63aeb5eb01aecf300,2026-07-21T08:25:54+00:00,04132a7331f53fa42ebae2af5d169daeade5331d,supporting,,Synthetic regression tests cover independent tag facets unknown labels and aggregate tag mismatch counts.,,,,,,,,,,,,,,,,,,
EXC-001,04_exclusions_and_sampling,training_pilot_exclusion_list_v8.csv,preregistration/package/04_exclusions_and_sampling/training_pilot_exclusion_list_v8.csv,preregistration/package/04_exclusions_and_sampling/training_pilot_exclusion_list_v8.csv,"Frozen exclusion list containing the 22 unique Record IDs used in coder training, the unkeyed discussion case, and the independent pilot. These records are excluded from validation, project-owner review, and all reserve or retest samples.",8,existing,frozen,pre_existing,public,include,cf36e6d34375d0e68bac31df8169207fc0602bc7291a64e995b9cd86141413a6,2026-07-21T16:20:11+00:00,3789093f9f8b8153fdfeebdd7be489fc304cb111,authoritative,EXC-002,"Authoritative 22-Record-ID exclusion set defined by actual coder exposure: 11 keyed worked examples including P4 2025/039 and T1 2021/113, one discussion case, and 10 pilot records. The canonical packaged CSV is UTF-8 with BOM and LF endings; its raw SHA-256 is the LF-stable provenance value. Records 2019/010, 2024/259, and 2021/090 are not excluded. This audit changed no membership. Supersedes v7 and all earlier versions.",7145,,,,,,,,,,,,,,,,,
EXC-002,04_exclusions_and_sampling,training_pilot_exclusion_list_v7.csv,,preregistration/package/04_exclusions_and_sampling/prior/training_pilot_exclusion_list_v7.csv,Superseded training and pilot exclusion list,v7,missing,frozen,pre_existing,public,exclude,,,,superseded,EXC-001,Design facts say an existing v7 is superseded; no physical v7 file was found in worktree or Git history.,,,,,,,,,,,,,,,,,,
SAM-001,04_exclusions_and_sampling,draw_validation_samples.py,scripts/draw_validation_samples.py,preregistration/package/04_exclusions_and_sampling/draw_validation_samples.py,Guarded deterministic official validation sampling engine,sampling-1.0-rc1,existing,draft_template,prospective,public,include,f56a3692aa1f0ee820bb6e5d31e5f25cb72d504010fdc8710f746288e256ea0e,2026-07-21T08:25:54+00:00,04132a7331f53fa42ebae2af5d169daeade5331d,current_candidate,,Implements the future registered draw but was not executed on real IDs; official mode requires registration Gate 2 commit hash worktree restricted-output and confirmation guards.,,,,,,,,,,,,,,,,,,
SAM-002,04_exclusions_and_sampling,test_draw_validation_samples.py,tests/test_draw_validation_samples.py,preregistration/package/04_exclusions_and_sampling/test_draw_validation_samples.py,Synthetic and safety tests for the official sampling engine,sampling-1.0-rc1,existing,draft_template,prospective,public,include,b67f8c36d2cb915671c48cd90623a5242f0d0126ea53af5730b5138cb4681fd1,2026-07-21T16:23:35+00:00,3789093f9f8b8153fdfeebdd7be489fc304cb111,supporting,SAM-001,"Thirty-three tests use toy frames and non-official seeds only; real-input validation is explicitly no-RNG and no-write, and canonical LF input hashes are verified.",17983,,,,,,,,,,,,,,,,,
SAM-003,04_exclusions_and_sampling,official_sampling_runbook.md,preregistration/package/04_exclusions_and_sampling/official_sampling_runbook.md,Controlled one-page runbook for the future Gate 2 official draw,runbook-1.0-rc1,existing,draft_template,prospective,public,include,,daeacdbef48de4dcd37db28117a13fd0f1696d6b8f3fb8ee2d92c5d735342d21,2026-07-21T08:25:54+00:00,04132a7331f53fa42ebae2af5d169daeade5331d,SAM-001,Contains prerequisites placeholders execution checks and embargo rules but no sample identity or fabricated registration receipt.,,,,,,,,,,,,,,,,,,,
SAM-004,04_exclusions_and_sampling,build_experiment_sample.py,analysis/build_experiment_sample.py,preregistration/package/04_exclusions_and_sampling/prior/build_experiment_sample.py,Legacy 150-record model-comparison sampling script,legacy-v3.2,superseded,frozen,pre_existing,public,exclude,2f1fa707f242eb384616e6f79eb27fc9655ce6b2bf7c3f54f8a344c4e1211b51,2026-04-29T12:06:48+00:00,04132a7331f53fa42ebae2af5d169daeade5331d,superseded,SAM-001,Uses seed 42 and is unrelated to the official validation draw.,,,,,,,,,,,,,,,,,,
SAM-005,04_exclusions_and_sampling,sampling_specification.yaml,preregistration/package/04_exclusions_and_sampling/sampling_specification.yaml,preregistration/package/04_exclusions_and_sampling/sampling_specification.yaml,Machine-readable official sampling design and prospective safety boundary,sampling-1.0-rc1,existing,draft_template,prospective,public,include,d5c4a350076d35d839960aab6d7e1c02a98c85b906041555252fa28e3948bab3,2026-07-21T16:23:33+00:00,3789093f9f8b8153fdfeebdd7be489fc304cb111,current_candidate,SAM-001,"Records the official seed, LF-stable raw input hashes, draw order, quotas, forcing, fallback, assertions, and embargo; official_draw_executed and official_sample_exists are false.",4381,,,,,,,,,,,,,,,,,
SAM-006,04_exclusions_and_sampling,sampling_output_schema.json,preregistration/package/04_exclusions_and_sampling/sampling_output_schema.json,preregistration/package/04_exclusions_and_sampling/sampling_output_schema.json,Identity-free schema for future restricted sampling outputs,sampling-1.0-rc1,existing,draft_template,prospective,public,include,8063fd03588ed5e5bb76b2431383cadb42a988aa0b928aac0f76f3e75645d77d,2026-07-21T08:25:54+00:00,04132a7331f53fa42ebae2af5d169daeade5331d,current_candidate,SAM-001,Defines filenames record fields metadata assertions and embargo without containing any sampled Record ID.,,,,,,,,,,,,,,,,,,
TRN-001,05_training_and_pilot,DEA_coder_training_handout_v2.docx,preregistration/package/05_training_and_pilot/DEA_coder_training_handout_v2.docx,preregistration/package/05_training_and_pilot/DEA_coder_training_handout_v2.docx,Preserved coder handout delivered for the 17 July shared training session and candidate-0.3 pilot.,2,existing,draft_template,pre_existing,public,include,ca41f969bbc633e33a52f6bd16b6020381df56cd917c50d7cd57f14f245bce26,2026-07-21T08:25:54+00:00,04132a7331f53fa42ebae2af5d169daeade5331d,superseded,TRN-009,As-delivered historical file preserved byte-for-byte; it documents the pre-change three-valued taxonomy-fit options.,,,,,,,,,,,,,,,,,,
TRN-002,05_training_and_pilot,trainer_guide.pdf,,preregistration_restricted/trainer_only/trainer_guide.pdf,Trainer guide and any trainer-only answer-key material,not_assigned,missing,restricted_and_hash_committed,pre_existing,restricted,link_only,,,,missing_expected_artefact,,No guide was found; do not put answer keys in the public package or public manifest.,,,,,,,,,,,,,,,,,,
TRN-003,05_training_and_pilot,pilot_exclusion_assignment.csv,,preregistration_restricted/blinded_assignments/pilot_exclusion_assignment.csv,Pilot exclusions and any blinded operational assignment,not_assigned,missing,restricted_and_hash_committed,pre_existing,restricted,link_only,,,,missing_expected_artefact,EXC-001,No file was found; public v8 exclusions must be separated from blinded assignments and trainer keys.,,,,,,,,,,,,,,,,,,
TRN-004,05_training_and_pilot,DEA_trainer_handout_v1.docx,preregistration/package/05_training_and_pilot/DEA_trainer_handout_v1.docx,preregistration/package/05_training_and_pilot/DEA_trainer_handout_v1.docx,Preserved trainer guide delivered for the 17 July shared training session and candidate-0.3 pilot.,1,existing,draft_template,pre_existing,public,include,dd8956c75e6f2165377e2dea6eef4cbb4ba71220aeaaf3084840ae8e78dcbb74,2026-07-21T08:25:54+00:00,04132a7331f53fa42ebae2af5d169daeade5331d,superseded,TRN-010,As-delivered historical file preserved byte-for-byte with the old diagnostic choices.,,,,,,,,,,,,,,,,,,
TRN-005,05_training_and_pilot,DEA_pilot_projects_trainer_debrief_reference.docx,preregistration/package/05_training_and_pilot/DEA_pilot_projects_trainer_debrief_reference.docx,preregistration/package/05_training_and_pilot/DEA_pilot_projects_trainer_debrief_reference.docx,Preserved pilot/debrief reference used during the candidate-0.3 pilot.,1,existing,draft_template,pre_existing,public,include,9e541eb0b6fc2a874cdcb98c53f6d0ea0ceae3d18bb40066b26e3867219f551e,2026-07-21T08:25:54+00:00,04132a7331f53fa42ebae2af5d169daeade5331d,superseded,TRN-011,As-delivered historical file preserved byte-for-byte; it does not pretend Cannot assess was available during the pilot.,,,,,,,,,,,,,,,,,,
TRN-006,05_training_and_pilot,verify_training_exclusion_membership.py,scripts/verify_training_exclusion_membership.py,preregistration/package/05_training_and_pilot/verify_training_exclusion_membership.py,Offline exact-membership and coder-blinding checker,verified-20260715,existing,draft_template,mixed,public,include,1ce1bf1c49ddf8e3ce6f385e8999276601ec0925f6bef29aa4de3dc12067748d,2026-07-21T08:25:54+00:00,04132a7331f53fa42ebae2af5d169daeade5331d,supporting,,Structurally verifies exact 11 plus 1 plus 10 membership and scans all Word XML parts for opaque visible assignment and hidden reviewer source and sampling fields.,,,,,,,,,,,,,,,,,,
TRN-007,05_training_and_pilot,test_verify_training_exclusion_membership.py,tests/test_verify_training_exclusion_membership.py,preregistration/package/05_training_and_pilot/test_verify_training_exclusion_membership.py,Synthetic tests for training membership and coder blinding,verified-20260715,existing,draft_template,mixed,public,include,7bdd54c70bd30cff71b6445bfe7cc417681f83a667f7cfe36a8c4802a5206da0,2026-07-21T16:21:52+00:00,3789093f9f8b8153fdfeebdd7be489fc304cb111,supporting,,"Tests cover exact real-package membership and roles, actual coder exposure, frozen-population coverage, LF/CRLF semantic equivalence, the canonical LF hash, substitutions, duplicates, whitespace, and blinding language.",11622,,,,,,,,,,,,,,,,,
TRN-008,05_training_and_pilot,training_material_record_manifest.csv,preregistration/package/05_training_and_pilot/training_material_record_manifest.csv,preregistration/package/05_training_and_pilot/training_material_record_manifest.csv,Structured one-row-per-record manifest for the 22 verified training discussion and pilot exclusions including the four coder-facing post-pilot calibration appearances.,post-pilot-feedback-20260721,working_candidate,draft_template,mixed,public,include,9077651097f6359b39edcc5b6c971135bb594d3f84187048af16f00efe76b844,2026-07-21T15:25:00+00:00,04132a7331f53fa42ebae2af5d169daeade5331d,current_candidate,,Records exactly 22 excluded records and identifies the four unchanged pilot examples used in the shared calibration. The note was circulated simultaneously to all three scratch coders on 21 July 2026; feedback is resolved without changing membership keyed status or pilot responses.,7284,,,,,,,,,,,,,,,,,
TRN-009,05_training_and_pilot,DEA_coder_training_handout_v3.docx,preregistration/package/05_training_and_pilot/DEA_coder_training_handout_v3.docx,preregistration/package/05_training_and_pilot/DEA_coder_training_handout_v3.docx,Post-training coder reference for formal coding under redcap-candidate-0.4.,3,working_candidate,draft_template,prospective,public,include,7a351641de997f78374082538285a3d6dd589c6d8fb0928bb4c6725b49c173b5,2026-07-21T08:25:54+00:00,04132a7331f53fa42ebae2af5d169daeade5331d,current_candidate,TRN-001,Adds Cannot assess and retained issue codes 1 2 and 5 plus the protocol-authoritative neutral-ID and hidden-field wording; exact 22-record membership is unchanged.,,,,,,,,,,,,,,,,,,
TRN-010,05_training_and_pilot,DEA_trainer_handout_v2.docx,preregistration/package/05_training_and_pilot/DEA_trainer_handout_v2.docx,preregistration/package/05_training_and_pilot/DEA_trainer_handout_v2.docx,Post-training trainer guide for formal coding under redcap-candidate-0.4.,2,working_candidate,draft_template,prospective,public,include,8b030a48c8b482d50fa4cede3a50e2c47b83d7866f836ca113e5ebeff30cf9d0,2026-07-21T08:25:54+00:00,04132a7331f53fa42ebae2af5d169daeade5331d,current_candidate,TRN-004,Clarifies evidence limitation versus taxonomy failure and preserves substantive taxonomy and exclusion membership.,,,,,,,,,,,,,,,,,,
TRN-011,05_training_and_pilot,DEA_pilot_projects_trainer_debrief_reference_v2.docx,preregistration/package/05_training_and_pilot/DEA_pilot_projects_trainer_debrief_reference_v2.docx,preregistration/package/05_training_and_pilot/DEA_pilot_projects_trainer_debrief_reference_v2.docx,Post-pilot debrief reference for formal coding under redcap-candidate-0.4.,2,working_candidate,draft_template,prospective,public,include,47707df5d3a52eed4b326aa50d2c4d21d005390162e5d9694d3626b913465cfa,2026-07-21T08:25:54+00:00,04132a7331f53fa42ebae2af5d169daeade5331d,current_candidate,TRN-005,Updates AMPHoRA 2021/103 and explicitly states that Cannot assess was not available in candidate 0.3.,,,,,,,,,,,,,,,,,,
TRN-012,05_training_and_pilot,pilot_feedback_log_20260717.md,preregistration/package/05_training_and_pilot/pilot_feedback_log_20260717.md,preregistration/package/05_training_and_pilot/pilot_feedback_log_20260717.md,Canonical dated pilot-feedback log recording diagnostic-instrument decisions shared-calibration circulation all-coder feedback closure and remaining formal-instrument gates.,2026-07-21-feedback-closed,existing,draft_template,pre_existing,public,include,95344eb1545036dde5a0698d5238367c4819cf252e807405b8ed7b5a77487120,2026-07-21T15:50:53+00:00,04132a7331f53fa42ebae2af5d169daeade5331d,supporting,RED-001,PILOT-003 and PILOT-004 record simultaneous circulation on 21 July 2026 feedback received from all three coders and candidate 0.6 resolution. Coder-pack screenshot guidance live REDCap QA and formal-instrument freeze remain pending; candidate-0.3 pilot data are unchanged and no approval is claimed.,11053,,,,,,,,,,,,,,,,,
TRN-013,05_training_and_pilot,update_post_training_docx.ps1,scripts/update_post_training_docx.ps1,preregistration/package/05_training_and_pilot/update_post_training_docx.ps1,Offline Microsoft Word workflow used to create and render separately versioned post-training DOCX candidates.,2026-07-17,existing,draft_template,prospective,public,include,afa1dc6b4c659f21859ff0da010417f06b2a0f88c13357877f4c87b817553b2d,2026-07-21T08:25:54+00:00,04132a7331f53fa42ebae2af5d169daeade5331d,supporting,TRN-009; TRN-010; TRN-011,Refuses to overwrite versioned targets and renders PDFs to a temporary QA directory; it does not connect to REDCap or any network service.,,,,,,,,,,,,,,,,,,
TRN-014,05_training_and_pilot,DEA_post_pilot_shared_calibration_note.docx,preregistration/package/05_training_and_pilot/DEA_post_pilot_shared_calibration_note.docx,preregistration/package/05_training_and_pilot/DEA_post_pilot_shared_calibration_note.docx,Coder-facing post-pilot shared calibration using four permanently excluded pilot examples only.,1,existing,frozen,pre_existing,public,include,ae2bae5169260f4e7e3bf10af5e158068d91be6e0a4860fc36b6612538d3c946,2026-07-21T13:42:47+00:00,04132a7331f53fa42ebae2af5d169daeade5331d,authoritative,,Unchanged project-lead-authored input circulated simultaneously to all three scratch coders on 21 July 2026; not a trainer answer key or accuracy score. The covering email supplied the governance framing not present in the DOCX. Any text amendment requires manual project-lead action and a new hash.,198448,,,,,,,,,,,,,,,,,
TRN-015,05_training_and_pilot,post_pilot_calibration_model_direction_audit.csv,preregistration/package/05_training_and_pilot/post_pilot_calibration_model_direction_audit.csv,preregistration/package/05_training_and_pilot/post_pilot_calibration_model_direction_audit.csv,Machine-readable complete-set comparison of the four shared calibration readings with archived Fable 5 and GPT-5.5 classifications.,2026-07-21-canonical-gpt,working_candidate,draft_template,pre_existing,public,include,bc37fb7809e5ed69c69823ab37c333ae85fd83f23347802250b8f61252a8d0c8,2026-07-21T21:26:19Z,e0c322fd77ae93a574a0dfcee076757d294de0d2,supporting,,"Contains no coder responses. Reverified against the frozen canonical 1,308-row GPT-5.5 release; the documented mixed four-case pattern is unchanged. The absent 1,309-row restricted intermediate is not a formal dependency and no direct comparison with it is claimed.",4119,,,,,,,,,,,,,,,,,
TRN-016,05_training_and_pilot,pilot_feedback_log_20260717.html,preregistration/package/05_training_and_pilot/pilot_feedback_log_20260717.html,preregistration/package/05_training_and_pilot/pilot_feedback_log_20260717.html,Derived HTML rendering of the canonical dated pilot-feedback Markdown log.,2026-07-21-feedback-closed-render,existing,draft_template,pre_existing,public,include,30fe81366babd7552cc84686b0e2cc175b6295bf0dd311efceb5080bff660496,2026-07-21T15:50:54+00:00,04132a7331f53fa42ebae2af5d169daeade5331d,supporting,TRN-012,Convenience HTML rendering synchronized to the canonical pilot feedback log including circulated CAL-PILOT-001 and resolved PILOT-003/PILOT-004 status; the Markdown remains canonical.,637605,,,,,,,,,,,,,,,,,
AUD-001,phase_3_audit,phase_3_completion_report.md,preregistration/phase_3_completion_report.md,preregistration/phase_3_completion_report.md,Offline Phase 3 completion audit for the frozen source production classification and pre-existing evidence release,phase3-20260715,existing,frozen,mixed,public,include,796285af1a6ed3f1b47fe5d573614ae880002e8123310f1e2cad742dbf08f6f2,2026-07-21T08:25:54+00:00,04132a7331f53fa42ebae2af5d169daeade5331d,supporting,MOD-011,Documents reproduced scientific gates exact release identity prospective boundaries and remaining working-candidate artefacts.,,,,,,,,,,,,,,,,,,
AUD-002,phase_4_audit,phase_4_completion_report.md,preregistration/phase_4_completion_report.md,preregistration/phase_4_completion_report.md,Offline Phase 4 completion audit for the guarded official sampling system,phase4-20260715,existing,draft_template,prospective,public,include,d7b43409818a230b647f4c41b0b8f03c929a9f3a5763b184fc8b3bceb29f3948,2026-07-21T16:23:35+00:00,3789093f9f8b8153fdfeebdd7be489fc304cb111,supporting,SAM-001; SAM-005,"Documents the tested design, no-RNG real-input validation, LF-stable input provenance, embargo, and proof that no official sample, rank, or assignment was created.",6423,,,,,,,,,,,,,,,,,
AUD-003,phase_5_audit,phase_5_completion_report.md,preregistration/phase_5_completion_report.md,preregistration/phase_5_completion_report.md,Offline Phase 5 REDCap candidate completion audit,phase5-20260715,existing,draft_template,prospective,public,include,7e3d624c462f61a70459c65e2d83f9a5e5aafacfb712ce12af785faae5dac328,2026-07-21T08:25:54+00:00,04132a7331f53fa42ebae2af5d169daeade5331d,supporting,RED-001; RED-013,Documents the blinding correction candidate architecture synthetic QA and required manual live-instance handoff.,,,,,,,,,,,,,,,,,,
RED-001,06_redcap,redcap_data_dictionary_candidate.csv,preregistration/package/06_redcap/redcap_data_dictionary_candidate.csv,preregistration/package/06_redcap/redcap_data_dictionary_candidate.csv,Combined one-project REDCap candidate dictionary for hidden administration scratch coder and project owner instruments,redcap-candidate-0.6,existing,draft_template,prospective,public,include,d035f183ba95bfb643f28d3c0edfd790d699e984fe941c4d8caec2f4c5b62218,2026-07-21T14:43:26+00:00,04132a7331f53fa42ebae2af5d169daeade5331d,current_candidate,redcap-candidate-0.5,Candidate 0.6 is the current formal-instrument review candidate. It adds the approved point-of-use sc_taxonomy_fit help text and retains candidate 0.5 owner administration; offline validation passed but live runtime QA and freeze remain pending.,30790,,,,,,,,,,,,,,,,,
RED-002,06_redcap,redcap_project_owner_dictionary.csv,,preregistration/package/06_redcap/redcap_project_owner_dictionary.csv,Superseded separate project-owner dictionary placeholder,not_assigned,superseded,draft_template,prospective,public,exclude,,,,superseded,RED-001,One REDCap project uses one combined dictionary; no separate competing dictionary was created.,,,,,,,,,,,,,,,,,,
RED-003,06_redcap,redcap_instrument_codebook.md,preregistration/package/06_redcap/redcap_instrument_codebook.md,preregistration/package/06_redcap/redcap_instrument_codebook.md,Human-readable REDCap candidate codebook,redcap-candidate-0.6,existing,draft_template,prospective,public,include,20b6aee8e2f5125b6ff7d9ca68ad970a2a7b8a94e2e8c6fdae0aac3ad842b8c6,2026-07-21T14:42:56+00:00,04132a7331f53fa42ebae2af5d169daeade5331d,supporting,RED-001,Documents the approved point-of-use help current choices historical candidate-0.3 decoding owner routes completion and reporting denominators.,3830,,,,,,,,,,,,,,,,,
RED-004,06_redcap,redcap_assignment_import_template.csv,preregistration/package/06_redcap/redcap_assignment_import_template.csv,preregistration/package/06_redcap/redcap_assignment_import_template.csv,Headers-only REDCap assignment import template,redcap-candidate-0.6,existing,draft_template,prospective,public,include,912e210a6a503a4cd0caeb24214abf414b8e7c2d668283c7adce933e2d092664,2026-07-21T14:43:26+00:00,04132a7331f53fa42ebae2af5d169daeade5331d,current_candidate,RED-001,Headers-only candidate 0.6 template with no assignment row identity or response; its byte content is unchanged.,634,,,,,,,,,,,,,,,,,
RED-005,06_redcap,redcap_field_response_specification.csv,preregistration/package/06_redcap/redcap_field_response_specification.csv,preregistration/package/06_redcap/redcap_field_response_specification.csv,Machine-readable field and response coding specification,redcap-candidate-0.6,existing,draft_template,prospective,public,include,beb812d85f951a367b0ffd1c169bbbab45c2b418be1edee8a525e6ff309b75f3,2026-07-21T14:43:26+00:00,04132a7331f53fa42ebae2af5d169daeade5331d,current_candidate,RED-001,Maps candidate 0.6 fields choices branching and the exact sc_taxonomy_fit help text to machine-readable response rows.,58983,,,,,,,,,,,,,,,,,
RED-006,06_redcap,redcap_branching_validation_specification.yaml,preregistration/package/06_redcap/redcap_branching_validation_specification.yaml,preregistration/package/06_redcap/redcap_branching_validation_specification.yaml,Machine-readable branching and cross-field validation specification,redcap-candidate-0.6,existing,draft_template,prospective,public,include,a99a51ff5acbddd7040ef8420b808d15b3260a6a731147ee9af66a459b91c7a3,2026-07-21T14:43:26+00:00,04132a7331f53fa42ebae2af5d169daeade5331d,current_candidate,RED-001,Records candidate 0.6 rules owner thresholds no fixed owner reserve and unchanged decode-only candidate-0.3 mapping.,8874,,,,,,,,,,,,,,,,,
RED-007,06_redcap,redcap_expected_export_schema.csv,preregistration/package/06_redcap/redcap_expected_export_schema.csv,preregistration/package/06_redcap/redcap_expected_export_schema.csv,Expected restricted one-row-per-assignment export schema,redcap-candidate-0.6,existing,draft_template,prospective,public,include,069abfb46b7d26639a166570d4e5dbf0a4cfa8d5880415a8a35117d4063e29bc,2026-07-21T14:43:26+00:00,04132a7331f53fa42ebae2af5d169daeade5331d,current_candidate,RED-001,Candidate 0.6 expected export remains byte-identical because no response code field or mapping changed.,24682,,,,,,,,,,,,,,,,,
RED-008,06_redcap,redcap_project_setup_checklist.md,preregistration/package/06_redcap/redcap_project_setup_checklist.md,preregistration/package/06_redcap/redcap_project_setup_checklist.md,Manual live-project setup checklist,redcap-candidate-0.6,existing,draft_template,prospective,public,include,17ca184a69c124f7300daf45ba1db75c339e54bec51e950f873e8ed5dc2e3b65,2026-07-21T14:42:57+00:00,04132a7331f53fa42ebae2af5d169daeade5331d,supporting,RED-001,Requires pilot preservation repository validation and fresh live QA before candidate 0.6 import.,1232,,,,,,,,,,,,,,,,,
RED-009,06_redcap,redcap_instrument_qa_checklist.md,preregistration/package/06_redcap/redcap_instrument_qa_checklist.md,preregistration/package/06_redcap/redcap_instrument_qa_checklist.md,Manual browser and export QA checklist,redcap-candidate-0.6,existing,draft_template,prospective,public,include,49b1288befb72a27d2cc3e97800737d5abb9753648f879aeb9e2b24c0cb9535c,2026-07-21T14:42:57+00:00,04132a7331f53fa42ebae2af5d169daeade5331d,supporting,RED-001,Adds explicit live verification of the sc_taxonomy_fit help text; candidate 0.6 live runtime QA remains pending.,2180,,,,,,,,,,,,,,,,,
RED-010,06_redcap,redcap_version_history.md,preregistration/package/06_redcap/redcap_version_history.md,preregistration/package/06_redcap/redcap_version_history.md,REDCap candidate version history including the post-pilot calibration and candidate 0.6 final coder-feedback clarification.,redcap-candidate-0.6,existing,draft_template,prospective,public,include,4fc9ef015b966f0d5f11b4779cf487708b7d753bd0a9cda324488ee1679eb433,2026-07-21T15:19:43+00:00,04132a7331f53fa42ebae2af5d169daeade5331d,supporting,RED-001,Preserves candidate-0.3 through 0.5 history and records candidate 0.6 feedback closure operational clarification offline validation and continuing live-QA and freeze gates.,9593,,,,,,,,,,,,,,,,,
RED-011,06_redcap,redcap_candidate_synthetic_submissions.yaml,tests/fixtures/redcap_candidate_synthetic_submissions.yaml,preregistration/package/06_redcap/test_fixtures/redcap_candidate_synthetic_submissions.yaml,Synthetic administration scratch and owner response scenarios,redcap-candidate-0.6,existing,draft_template,prospective,public,include,b3f144805452c00a99f7d5386b8141b3560233f377e0aefb5fc082a91151f322,2026-07-21T14:43:26+00:00,04132a7331f53fa42ebae2af5d169daeade5331d,supporting,RED-013,Synthetic-only candidate 0.6 and historical candidate-0.3 compatibility cases using fictional opaque IDs.,17954,,,,,,,,,,,,,,,,,
RED-012,06_redcap,build_redcap_candidate.py,scripts/build_redcap_candidate.py,preregistration/package/06_redcap/build_redcap_candidate.py,Deterministic offline REDCap candidate builder,redcap-candidate-0.6,existing,draft_template,prospective,public,include,d11069cd12882b37d60a230d3f4bbeb9dd2a5158e7852919c86adbb022aa98c3,2026-07-21T14:41:18+00:00,04132a7331f53fa42ebae2af5d169daeade5331d,supporting,RED-001,Generates the 145-field candidate 0.6 artefacts offline from local sources including the exact taxonomy-fit help text.,26850,,,,,,,,,,,,,,,,,
RED-013,06_redcap,validate_redcap_candidate.py,scripts/validate_redcap_candidate.py,preregistration/package/06_redcap/validate_redcap_candidate.py,Offline version-aware REDCap candidate and synthetic-submission validator,redcap-candidate-0.6,existing,draft_template,prospective,public,include,fbc7d04a6e603872dfc395fef104479b64f46e8bfe45ef6468071cd57f79eed9,2026-07-21T14:41:19+00:00,04132a7331f53fa42ebae2af5d169daeade5331d,supporting,RED-001,Validates candidate 0.6 help-text synchronization structural invariants and historical decode support without network access.,24904,,,,,,,,,,,,,,,,,
RED-014,06_redcap,test_validate_redcap_candidate.py,tests/test_validate_redcap_candidate.py,preregistration/package/06_redcap/test_validate_redcap_candidate.py,Focused REDCap candidate validator tests,redcap-candidate-0.6,existing,draft_template,prospective,public,include,f7f645e0e9c18566652f21fb00994f96ee2779645db6f6cf555061a5c91da85d,2026-07-21T14:44:08+00:00,04132a7331f53fa42ebae2af5d169daeade5331d,supporting,RED-013,Focused tests cover the approved help text unchanged codes labels logic and order derived-document synchronization obsolete-option exclusion and historical compatibility.,17088,,,,,,,,,,,,,,,,,
RED-015,06_redcap,redcap_candidate_instrument_preview.html,preregistration/package/06_redcap/redcap_candidate_instrument_preview.html,preregistration/package/06_redcap/redcap_candidate_instrument_preview.html,Deterministic structural candidate preview,redcap-candidate-0.6,existing,draft_template,prospective,public,include,20c85b03bfe4e976159149dfa27dc2cf001a2333e6fe83126747e8ac495e90e9,2026-07-21T14:43:26+00:00,04132a7331f53fa42ebae2af5d169daeade5331d,supporting,RED-001,Synthetic structural preview renders dictionary field notes including the approved sc_taxonomy_fit guidance; live runtime QA remains pending.,32336,,,,,,,,,,,,,,,,,
RED-016,06_redcap,redcap_live_runtime_qa_template.md,preregistration/package/06_redcap/redcap_live_runtime_qa_template.md,preregistration/package/06_redcap/redcap_live_runtime_qa_template.md,Live REDCap runtime QA working-note template,redcap-candidate-0.6,existing,draft_template,prospective,public,include,ba96a699212d495269472e3a6ea4782418b7f08d8bdd80d04d62d1f5eea6d22b,2026-07-21T14:42:58+00:00,04132a7331f53fa42ebae2af5d169daeade5331d,supporting,RED-001,Blank candidate-0.6 live-QA template includes point-of-use help verification; no live QA result is claimed.,1470,,,,,,,,,,,,,,,,,
RED-017,06_redcap,redcap_label_variable_mapping.csv,preregistration/package/06_redcap/redcap_label_variable_mapping.csv,preregistration/package/06_redcap/redcap_label_variable_mapping.csv,Canonical owner-label variable mapping,redcap-candidate-0.6,existing,draft_template,prospective,public,include,fab68791df9a8bbb15dd93d2d06a6be15a0e6fd3ebb7d59b6ea75fef4aa7dfe8,2026-07-21T14:43:26+00:00,04132a7331f53fa42ebae2af5d169daeade5331d,current_candidate,RED-001,Canonical owner-label mapping remains byte-identical under candidate 0.6.,2071,,,,,,,,,,,,,,,,,
RED-018,06_redcap,redcap_live_runtime_qa_20260716.md,preregistration/package/06_redcap/redcap_live_runtime_qa_20260716.md,preregistration/package/06_redcap/redcap_live_runtime_qa_20260716.md,Dated UCL REDCap synthetic live-runtime QA record,redcap-candidate-0.2,existing,draft_template,prospective,public,include,cb59792c30730a6e5841440872fa3b8d2bd459b0d70ca35d9a253edcac2a1706,2026-07-21T08:25:54+00:00,04132a7331f53fa42ebae2af5d169daeade5331d,supporting,RED-001,"Documents seven synthetic assignments, one row per assignment, both corrected defects, passed essential Scratch Coder QA, and outstanding Project Owner QA; contains no live identifiers, links, personal information, or exports.",,,,,,,,,,,,,,,,,,
ANA-001,07_analysis,run_validation_analysis.py,,preregistration/package/07_analysis/run_validation_analysis.py,Prospective confirmatory validation-analysis script,not_assigned,missing,frozen,not_applicable,public,include,,,,missing_expected_artefact,,Existing dashboard notebooks and analyses are not substitutes.,,,,,,,,,,,,,,,,,,
ANA-002,07_analysis,validation_requirements.lock,,preregistration/package/07_analysis/validation_requirements.lock,Exact dependency lockfile for confirmatory validation analysis,not_assigned,missing,frozen,not_applicable,public,include,,,,missing_expected_artefact,,No dependency lockfile was found.,,,,,,,,,,,,,,,,,,
ANA-003,07_analysis,requirements-analysis.txt,requirements-analysis.txt,preregistration/package/07_analysis/supporting_requirements-analysis.txt,Existing unpinned analysis dependency list,rolling,existing,frozen,pre_existing,public,undecided,9e80ea09552c6d99d1e84d784dc63a594e5c8aab41ea37af25730b157a6cc22e,2026-06-02T14:17:56+00:00,04132a7331f53fa42ebae2af5d169daeade5331d,supporting,ANA-002,Useful input but not an exact lockfile; inclusion requires a dependency-freeze decision.,,,,,,,,,,,,,,,,,,
ADJ-001,08_adjudication_and_release,adjudication_instrument.md,,preregistration/package/08_adjudication_and_release/adjudication_instrument.md,Preregistered adjudication instrument,not_assigned,missing,frozen,not_applicable,public,include,,,,missing_expected_artefact,,No validation-specific adjudication instrument was found.,,,,,,,,,,,,,,,,,,
ADJ-002,08_adjudication_and_release,select_adjudication_audit.py,,preregistration/package/08_adjudication_and_release/select_adjudication_audit.py,Adjudication audit-selection implementation,not_assigned,missing,frozen,not_applicable,public,include,,,,missing_expected_artefact,,No audit-selection script was found.,,,,,,,,,,,,,,,,,,
ADJ-003,08_adjudication_and_release,evidence_pack_template.md,,preregistration/package/08_adjudication_and_release/evidence_pack_template.md,Blank evidence-pack template,template-v1,not_yet_generated,draft_template,not_applicable,public,include,,,,missing_expected_artefact,,Template must contain no completed adjudication evidence at registration.,,,,,,,,,,,,,,,,,,
ADJ-004,08_adjudication_and_release,senior_signoff_template.md,,preregistration/package/08_adjudication_and_release/senior_signoff_template.md,Blank senior sign-off template,template-v1,not_yet_generated,draft_template,not_applicable,public,include,,,,missing_expected_artefact,,Template must contain no release decision at registration.,,,,,,,,,,,,,,,,,,
ADJ-005,08_adjudication_and_release,test_adjudicated_decisions.py,analysis/test_adjudicated_decisions.py,preregistration/package/08_adjudication_and_release/supporting_test_adjudicated_decisions.py,Existing dashboard adjudicated-decision behavior tests,git-current,existing,frozen,pre_existing,public,undecided,bdf5e4911d930f9242d8b95af2923e7cca97890a8a83ba449eabf735bd0c4a00,2026-07-09T12:52:32+00:00,04132a7331f53fa42ebae2af5d169daeade5331d,supporting,ADJ-001; ADJ-002,Supporting software test only; not the required validation adjudication instrument or audit selector.,,,,,,,,,,,,,,,,,,
LOG-001,09_logs_and_templates,protocol_deviation_log.csv,preregistration/package/09_logs_and_templates/protocol_deviation_log.csv,preregistration/package/09_logs_and_templates/protocol_deviation_log.csv,Blank protocol-deviation log,template-v1,existing,draft_template,prospective,public,include,e0bc625eb726026a0198c2fd93568d26e71225775b049f6c90bf2cbbb9c09874,2026-07-21T08:25:54+00:00,04132a7331f53fa42ebae2af5d169daeade5331d,current_candidate,,Populate only after a deviation occurs and assess amendment implications. Header-only candidate template; no event entries.,,,,,,,,,,,,,,,,,,
LOG-002,09_logs_and_templates,instrument_change_log.csv,preregistration/package/09_logs_and_templates/instrument_change_log.csv,preregistration/package/09_logs_and_templates/instrument_change_log.csv,Instrument-change governance log containing the candidate 0.6 operational taxonomy-fit clarification and remaining pre-use gates.,preformal-redcap-0.6-20260721,existing,draft_template,mixed,public,include,f1fd29a445218a78783811a1693f1f639a554c7d505143baf0f2c31d1583a062,2026-07-21T15:26:38+00:00,04132a7331f53fa42ebae2af5d169daeade5331d,current_candidate,,REDCAP-006 records the all-coder feedback sequence point-of-use guidance unchanged candidate-0.3 data offline validation and pending coder-pack screenshot live runtime QA and formal-instrument freeze. It does not mark the instrument frozen or approved.,1478,,,,,,,,,,,,,,,,,
LOG-003,09_logs_and_templates,coding_clarification_log.csv,preregistration/package/09_logs_and_templates/coding_clarification_log.csv,preregistration/package/09_logs_and_templates/coding_clarification_log.csv,Coding-clarification governance log containing the pre-formal shared-calibration and qualitative model-direction check.,preformal-calibration-circulated-20260721,existing,draft_template,pre_existing,public,include,82d0b40db7154a7fc278bf09d81709817b948e094b7184c373068c71354ceda8,2026-07-21T21:25:30Z,e0c322fd77ae93a574a0dfcee076757d294de0d2,current_candidate,,CAL-PILOT-001 records simultaneous circulation on 21 July 2026 feedback from all three coders resolved operational guidance and pending coder-pack screenshot live REDCap QA and formal-instrument freeze. No coder-specific performance model-output exposure retrospective pilot recoding or approval is recorded.,4245,,,,,,,,,,,,,,,,,
LOG-004,09_logs_and_templates,jo_review_decision_log.csv,preregistration/package/09_logs_and_templates/jo_review_decision_log.csv,preregistration/package/09_logs_and_templates/jo_review_decision_log.csv,Blank Jo review decision log,template-v1,existing,draft_template,prospective,temporarily_embargoed,include,2799c8b5e215a286f6b265209fad7904444daab69a11094f18deb7a115cb3d88,2026-07-18T08:39:15+00:00,,current_candidate,,Access and publication timing require confirmation before use. Header-only candidate template; no event entries.,,,,,,,,,,,,,,,,,,
POST-001,post_registration,official_active_sample_manifest.csv,,preregistration/post_registration/official_draw_logs/official_active_sample_manifest.csv,Official active validation sample manifest,not_assigned,not_yet_generated,post_registration_output,prospective,temporarily_embargoed,exclude,,,,not_applicable,,No official sample has been drawn; this row is metadata only and creates no sample file.,,,,,,,,,,,,,,,,,,
POST-002,post_registration,official_reserve_manifest.csv,,preregistration_restricted/reserve_samples/official_reserve_manifest.csv,Official reserve Record-ID manifest,not_assigned,not_yet_generated,post_registration_output,prospective,restricted,exclude,,,,not_applicable,,Reserve IDs remain embargoed and unexamined; no reserve file was created.,,,,,,,,,,,,,,,,,,
POST-003,post_registration,formal_redcap_export.csv,,preregistration/post_registration/redcap_exports/formal_redcap_export.csv,Formal REDCap coding export,not_assigned,not_yet_generated,post_registration_output,prospective,contains_personal_data,exclude,,,,not_applicable,,No export exists; content must never be hashed into the public manifest.,,,,,,,,,,,,,,,,,,
POST-004,post_registration,final_validation_results.csv,,preregistration/post_registration/results/final_validation_results.csv,Final confirmatory validation results,not_assigned,not_yet_generated,post_registration_output,prospective,public,exclude,,,,not_applicable,,No analysis result was generated.,,,,,,,,,,,,,,,,,,
POST-005,post_registration,adjudication_outputs.csv,,preregistration/post_registration/adjudication_outputs/adjudication_outputs.csv,Completed adjudication outputs,not_assigned,not_yet_generated,post_registration_output,prospective,temporarily_embargoed,exclude,,,,not_applicable,,No adjudication output was generated.,,,,,,,,,,,,,,,,,,
