questionId,url,question,isArchived,department,questionGroup,publicationDate,expiryDate,backgroundInformation,combinedTextLength,topics,fieldsOfResearch,tags,relatedQuestionsCount,relatedUKRIProjectsCount,selectionReasons
1000500,https://ari.org.uk/aris/1000500,How effective are collective redundancy consultations in reducing redundancies and improving labour market outcomes?,false,Department for Business and Trade,Labour Market and Employment Rights,2026-03-18 00:00:00,,"To make work pay and create a resilient labour market that underpins economic growth, we are looking to continuing building the best evidence base to support businesses and people. This applies to employers of and workers with different cost requirements, characteristics, skills, and immigration status. We recognise these factors will have direct impacts on living standards, poverty, wage expectations, and ability to spend or save.

This theme focuses on building a skilled, empowered workforce, essential for inclusive growth and innovation. This in turn will raise living standards, create opportunities for all, through tackling poor working conditions, low pay, and poor job security. We have included questions that relate to driving trends for labour allocation, skills development and retention, technology deployment, and best practise for businesses.

The ability to nurture a strong labour market and support employment rights includes:
- modernising the UK labour market and strengthening employment protections
- entitlement to parental leave, establishing bereavement leave, facilitating flexible working and protection from unfair dismissal
- increasing protection from sexual harassment, identifying gender and menopause action plans, and strengthening rights for pregnant workers
- ensuring security and flexibility for workers and for working families
- empowering workers, trade unions and employers to negotiate fair pay, terms and conditions, and training standards
- increasing employment opportunities for disabled people and people with health conditions, supporting them to thrive as part of a workforce
- strengthening workers’ rights and empowering employees to speak out against unfair processes and helping to remove unnecessary restrictions",1924,[],[],"[""Labour rights, enforcement and industrial relations""]",1,0,background; current; long_text; ukri_zero; department_spread
15376,https://ari.org.uk/aris/15376,"Evaluation and analysis of the commemorations of the Centenary of the First World War. Particular metrics include:
○ Education
○ Engagement
○ Remembrance",true,"Department for Culture, Media & Sport","Culture, Heritage, Tourism, Sport",2018-05-17 00:00:00,,,187,"[""arts, culture, entertainment and media"",""customs and tradition"",""library and museum"",""monument and heritage site"",""society""]","[""education"",""history, heritage and archaeology"",""heritage, archive and museum studies"",""historical studies"",""language, communication and culture""]","[""history"",""commemoration"",""First World War""]",0,10,archived; no_background; short_text; ukri_many; department_spread
725795,https://ari.org.uk/aris/725795,"How can we best develop and inspire our workforces across all our sectors to improve children’s outcomes, informed by the best available evidence?",false,Department for Education,Workforce: performance,2025-04-24 00:00:00,2025-04-24 00:00:00,We are particularly interested in analysis that looks at outcomes in terms of practice improvement.,269,"[""education"",""teachers"",""health"",""labour"",""employment"",""politics"",""local government and authority"",""science and technology"",""society"",""social services""]","[""commerce, management, tourism and services"",""human resources and industrial relations"",""economics"",""education"",""curriculum and pedagogy"",""health sciences"",""human society"",""social work"",""psychology"",""applied and developmental psychology""]","[""evidence-based practice"",""workforce development"",""professional development"",""leadership"",""management"",""childminders"",""early years practitioners"",""foster care"",""academics""]",1,10,background; current; dea_overlap_department; health_related; short_text; ukri_many; department_spread
346191,https://ari.org.uk/aris/346191,We would like to understand the extent to which capital allowance rules and the overall corporate tax burden affects investment decisions in the sector.,false,"Department for Science, Innovation & Technology",Government Office for Life Sciences - Investment - Business environment,2024-02-26 00:00:00,,"The analysis team is responsible for two datasets on life sciences activity in the UK and how it compares with other countries. One of its publications, the Bioscience and health technology sector statistics, is an official statistic and captures a detailed breakdown of where life sciences activity occurs in the UK, as well as key economic indicators such as employment and turnover. The analysis team is also responsible for publishing the Life sciences competitiveness indicators, a publication which tracks UK performance against international comparators. These two publications form the bulk of the evidence base that supports OLS policy making and key facts and figures for stakeholders. One of the ambitions of the team is to expand the range of data collected on activity in the sector to encompass a broader range of economic indicators, including Gross Value Added, R&D spending, Wages, and workforce statistics, among others.

In addition to this critical evidence base, OLS is also interested in key research questions and evidence to support the development of policy for the Life Sciences Missions, a set of disease and intervention areas identified in the Life Sciences Vision as key areas of intervention to help the NHS to solve some of the biggest healthcare problems of our generation. These range from establishing a strong evidence base on incidence and its regional distribution to identifying potential innovative technologies that could address them. Additionally, the analysis team is also very interested in deepening our understanding of the economic impact and possibilities of the broad area of genomics, as well as understanding the economic impacts and societal benefits that accrue from conducting clinical trials and other forms of R&D in the life sciences.

On the regulatory front, OLS would like to expand its understanding of the main regulatory barriers to the approval and roll-out of new, innovative technologies, as well as understanding the costs and benefits associated with these regulations. We have a limited evidence base for some products but would like to expand that understanding to be better able to assess the impact of specific regulatory interventions. We would also like to have more comprehensive data on the introduction and adoption of these technologies across the country and through the NHS.

On the investment front, we are particularly interested in building a more comprehensive evidence base on the determinants of investment in both manufacturing and R&D facilities, and how elements of both the commercial and business environment affects company location and investment decisions.

Finally, we are very interested in developing a more comprehensive understanding of the manufacturing landscape in the UK, from being able to interrogate the pipeline of new products and innovations in development, to establishing the UK’s manufacturing capabilities for health and supply chain resilience, as well as understanding key challenges faced by companies in terms of access to skilled workers and finance across the country.",3309,"[""economy, business and finance"",""business information""]","[""commerce, management, tourism and services"",""accounting, auditing and accountability"",""banking, finance and investment"",""economics"",""applied economics"",""econometrics""]","[""investment"",""corporate tax"",""capital allowance rules"",""business environment""]",1,1,background; current; long_text; ukri_few; department_spread
16032,https://ari.org.uk/aris/16032,"What research methods are capable of estimating which users are not travelling, since the introduction of Covid-19 restrictions? Which journeys might be being foregone or replaced?",true,Department for Transport,Covid-19 pandemic,2021-08-01 01:00:00,,"Build confidence in the transport network as the country
recovers from Covid-19 and improve transport users’
experience, ensuring that the network is safe, reliable, and
inclusive
Context
We must put the needs and expectations of current and potential users at the heart
of the operation of the transport system, especially given the significant impact
Covid-19 has had on both usage and perceptions of public transport. Ensuring that
our infrastructure and the services which use it meet the varied needs of businesses
and the public, are attractive, affordable, sustainable and resilient is a crucial goal for
the department.
Key areas of focus are:
• Building confidence and improving the public transport experience
• Improving the experience for road users
• Building a transport network that works for everyone
• Continually improving the safety, security and resilience of the transport system
The research and evidence needs listed below are integral parts to help deliver our
key areas of focus and address how we make progress against initiatives such as the
National Bus Strategy, William-Shapps Plan for Rail, and the Inclusive Transport
Strategy. This is more important than ever as the risks from COVID-19 reduce,
people build the confidence to return to public transport and new travel patterns
emerge. Social and behavioural science and research is core to the delivery of all our
programmes, including R&D. This is critical to ensure the development and delivery
of policy includes the needs of all groups, especially those often marginalised.",1759,"[""economy, business and finance"",""transport"",""health"",""science and technology"",""social sciences"",""society"",""demographics"",""population and census""]","[""commerce, management, tourism and services"",""transportation, logistics and supply chains"",""human society"",""information and computing sciences""]","[""transport"",""research methods""]",0,2,archived; background; health_related; long_text; ukri_few; department_spread
1114126,https://ari.org.uk/aris/1114126,"What are the safeguarding impacts of different assessment channels for people with complex needs, and which reasonable adjustments most reduce risk without degrading assessment quality?",false,Department for Work and Pensions,"Support disabled people to get into work where possible, providing a safety net to those who cannot",2026-06-19 00:00:00,,,285,"[""health"",""public health"",""politics"",""government policy"",""society"",""disabilities"",""social problem""]","[""health sciences"",""public health"",""human society"",""policy and administration""]","[""safeguarding impacts"",""vulnerable groups"",""service delivery"",""work and health""]",1,2,current; dea_overlap_department; health_related; no_background; short_text; ukri_few
1114127,https://ari.org.uk/aris/1114127,What factors are associated with take-up of Carers Allowance among the eligible population? What are the social/spillover benefits associated with take up of this benefit (e.g. reduced health/care costs)?,false,Department for Work and Pensions,"Support disabled people to get into work where possible, providing a safety net to those who cannot",2026-06-19 00:00:00,,,304,"[""labour"",""social security"",""society"",""family"",""welfare"",""long-term care""]","[""human society"",""policy and administration"",""social work"",""sociology""]","[""Carers Allowance"",""benefit system"",""income support""]",1,0,current; dea_overlap_department; health_related; no_background; short_text; ukri_zero
1114148,https://ari.org.uk/aris/1114148,"For functional assessments, which channel (face to face, video, telephony) yields the best balance of customer understanding, perceived fairness, and assessment accuracy – according to customer segment and need?",false,Department for Work and Pensions,"Deliver high quality, efficient services, ensuring that people are treated with dignity and respect",2026-06-19 00:00:00,,,311,"[""health"",""public health"",""society"",""disabilities"",""welfare""]","[""health sciences"",""public health"",""human society"",""policy and administration"",""evaluation programmes""]","[""customer experience"",""service delivery"",""channel access""]",0,0,current; dea_overlap_department; health_related; no_background; short_text; ukri_zero
1127225,https://ari.org.uk/aris/1127225,"How can DWP best support people (particularly young people at greatest risk of becoming NEET [not in employment, education or training]) to transition from education into further education, training, or employment?",false,Department for Work and Pensions,"Enable people to get into work, improve skills, support young people and boost employment and productivity",2026-06-19 00:00:00,,,321,"[""education"",""labour"",""employment"",""wages and benefits"",""labour market"",""unemployment"",""society"",""teenagers""]","[""economics"",""education"",""human society"",""policy and administration"",""sociology""]","[""youth"",""NEET"",""employment support"",""skills training"",""job entry""]",1,0,current; dea_overlap_department; no_background; short_text; ukri_zero
345084,https://ari.org.uk/aris/345084,"ARI 3: shaping and supporting the health and social care workforce of the future

Research objective: Research to optimise a public health, NHS, social care and wider health workforce that is effectively structured, trained, deployed and supported to deliver future effective and efficient models of healthcare which meet the needs of the UK’s ageing population.

Priority research topics: Developing future models of healthcare which effectively and efficiently meet the changing needs of the UK population. Developing, evaluating and understanding how to implement interventions to enable a diverse health and care workforce to deliver world-class care while addressing the current recruitment, retention and wellbeing issues such as:
- understanding the barriers to recruiting and retaining staff in the NHS and social care and identifying solutions including supporting wellbeing
- identifying how to structure the workforce to meet future health needs and how to drive cultural and behavioural change within organisations
- developing and evaluating interventions to increase the efficiency and effectiveness of staff (for example, skills-mix, task-shifting and service integration)
- developing and evaluating technology-assisted workforce solutions to reduce burden on staff while maintaining patient outcomes (for example, diagnoses assisted by artificial intelligence, robotics to support surgery and care, remote monitoring of patients including hospital at home and virtual wards)",true,Department of Health and Social Care,DHSC's areas of research interest,2023-01-25 00:00:00,,"4.3% of the UK population is expected to be aged 85 or over by 2045. As healthy life expectancy has not increased at the same rate, more years are now being spent in poor health, driving demand for health and social care services.

The health and social care workforce are struggling to meet this increased demand. For example, the overall vacancy rate in adult social care was 10.7% in 2021 to 2022, while NHS vacancy rates were 11.9% in September 2021 compared to the labour market average of 4.2%. Staff turnover in adult social care was 29% in 2021 to 2022 with fewer people joining the workforce each year. The Health Foundation recently identified an overall workforce supply-demand gap of around 103,000 full-time equivalent (FTE) posts across the NHS and general practice in 2021 to 2022 (around 7% of estimated FTE workforce demand) and a 1 in 4 shortfall in GP and general practice nurse posts by 2030 to 2031.

Research into new and more efficient models of care with a focus on prevention, combined with understanding how the health and social care workforce can be trained and supported to deliver them, are required to deliver high quality care more efficiently.",2698,"[""health"",""government health care"",""health facility"",""hospital"",""labour"",""employment"",""science and technology"",""society"",""demographics"",""social condition""]","[""biomedical and clinical sciences"",""engineering"",""health sciences"",""health services and systems"",""public health"",""human society"",""policy and administration"",""information and computing sciences"",""applied computing"",""artificial intelligence""]","[""healthcare workforce"",""recruitment"",""retention"",""wellbeing"",""workforce structure"",""cultural change"",""efficiency"",""effectiveness"",""technology-assisted workforce solutions""]",1,10,archived; background; health_related; long_text; ukri_many; department_spread
953792,https://ari.org.uk/aris/953792,"4.5b How have consumer interests, needs, and concerns in the food system evolved, and how can regulation protect and advance these interests?",false,Food Standards Agency,Regulating the Changing Food System,2025-09-10 00:00:00,,"The 21st Century food system is characterised by its complexity and innovation. The emergence of COVID-19 and the subsequent pandemic put immense strain on the global food system and tested its resilience. It highlighted that, in this interconnected and fast-moving world, we need access to the best data, intelligence and horizon scanning to understand changes in the system, the impact of these, and how they create vulnerabilities.

As a modern and accountable regulator the we must innovate and anticipate the impact of changes as well as make the most of new opportunities to regulate more effectively and efficiently. This includes adopting technological advances, digital tools and data analytics. It is also about using social research to gain a greater insight into the behaviour of consumers and the food businesses that supply them, to help ensure effective implementation.

Global events, new consumer trends, changing business practices, and food innovation can all create new risks and opportunities. In this area, we need research and evidence to understand the potential for disruption in our food system and the impact of change. We need to be able to identify new and emerging food technologies and be prepared for the opportunities and challenges arising from these novel foods and processes.

The overarching aim of this research priority is to ensure the FSA can remain at the cutting-edge when developing and implementing food regulations, can respond to emerging challenges and opportunities in a timely and effective.",1716,[],[],[],1,10,background; current; ukri_many; department_spread
953242,https://ari.org.uk/aris/953242,What sources of intelligence and methods can be used to strengthen our ability to predict and identify disruptions and risks to Scotland’s food chain?,false,Food Standards Scotland,Adapting to Change in our Food System,2025-10-01 00:00:00,,"Scotland’s food system has evolved significantly since FSS was established in 2015, with environmental impacts, technological innovations in food production, new business models, dietary trends and wider food policies all driving transformation in the way our food is grown, processed and sold. Added to this, the disruptions to our agri-food supply chain resulting from geopolitical events, a changing climate and the COVID-19 pandemic have prompted action from government to prioritise food security and work with the industry on strategies for promoting a more resilient and sustainable food system for Scotland. Addressing these issues, whilst enabling everyone in Scotland to access a safe and healthy diet requires a systems thinking approach which recognises how the various stages of food production and consumption are interconnected and how they are influenced by social, economic, environmental, and political factors. The introduction of the Good Food Nation (Scotland) Act 2022 has been a particularly important milestone in that regard; providing a legislative basis for positive progress which will rely on effective collaboration across government to ensure new policies and initiatives for a better food system in Scotland are fully co-ordinated. FSS has a role to play in supporting government in achieving its ambition for a more sustainable, resilient and equitable food system, ensuring that there are no unintended consequences for food safety, standards and public health nutrition. This relies on evidence that helps us to predict and detect potential disruptions and emerging risks to our food chain and understand the opportunities and challenges that are associated with new food processing technologies, novel foods and changing diets.",1952,"[""economy, business and finance"",""food industry"",""health"",""diet""]",[],[],1,10,background; current; health_related; long_text; ukri_many; department_spread
985780,https://ari.org.uk/aris/985780,1.1a  How can we mobilise international finance and attract investment for climate resilience and low-carbon projects in LMICs (low- and middle-income countries)? How can we ensure it has the desired impact and is sustainable?,false,"Foreign, Commonwealth & Development Office",1. Climate and Nature,2026-05-11 00:00:00,,"This theme seeks to understand a broad spectrum of climate and environment issues and to explore how the sustainable use of resources, new innovations, increased capacity, partnerships and scientific breakthroughs can drive transformations in global energy, economic, social and food systems to reduce externalities and enable sustainable, climate-resilient development. 
Research requirements span energy access and the energy transition, critical minerals, climate science, climate risk and resilience and water security and productive ecosystems. Cutting edge research and innovations in these areas helps to unlock the potential of green growth and the energy transition, to build communities’ resilience to climate change and to strengthen anticipatory action and responses to severe weather and food insecurity, particularly across Africa, South Asia and the Indo Pacific. Deepening understanding of the differential impact of climate risks, innovations and responses on different groups including intersectionality and approaches to ensuring, capacity strengthening and equitable and sustainable growth and poverty alleviation.",1381,"[""economy, business and finance"",""environmental, social and governance policy (ESG)"",""economic globalisation"",""investments"",""environment"",""climate change"",""renewable energy"",""politics"",""science and technology"",""climate change"",""government policy"",""economic policy"",""economic development incentive"",""foreign aid"",""international organisation"",""science and technology"",""society""]","[""commerce, management, tourism and services"",""banking, finance and investment"",""economics"",""applied economics"",""economic theory"",""engineering"",""environmental sciences"",""climate change impacts and adaptation"",""human society"",""development studies"",""policy and administration"",""science and technology"",""economics""]","[""climate resilience"",""investment"",""sustainable development""]",0,0,background; current; ukri_zero; department_spread
719278,https://ari.org.uk/aris/719278,How can BSR most effectively evaluate the impact of the Building Regulations and associated guidance on improved building safety outcomes?,true,Health and Safety Executive,How can HSE ensure that our regulatory approach in the built environment is fit for purpose for the future?,2025-12-17 00:00:00,,"HSE Strategic Objective: Increase and maintain trust to ensure people feel safe where they live, where they work, and in their environment (https://www.hse.gov.uk/aboutus/assets/docs/the-hse-strategy.pdf)

Research is required to address priority knowledge gaps that will underpin effective and proportionate regulatory regimes for building safety, construction and chemicals through evidence-based approaches. To underpin policy, regulatory and operational activities in this strategic objective the evidence requirements in this area will include:

To address key areas of focus for the Building Safety Regulator (BSR) to inform its continuing work to develop a collective understanding of the built environment that will underpin policy and regulatory decision-making and standards development with an improved understanding of building safety risk. This will involve identification and assessment of emerging risks and keeping abreast of changes and trends across the built environment. Research will also underpin the BSR strategic objective to lead the development of policy relating to the regular review of Approved Documents and the provision of associated technical advice to aid compliance with the building regulations.

To further develop understanding of innovation and of new and emerging legacy issues and their impact on building safety and on construction health and safety and associated standards and guidance. This will include identifying potential implications of new and emerging technologies for building safety risk profiles through the building life cycle and identifying opportunities to eliminate or reduce risks at the design stage whilst also informing the development of appropriate intervention strategies.  

To inform standards and guidance development to improve the safety and standard of buildings and develop effective strategies for oversight of the built environment, evaluation of the BSR and to measure and build competence across the built environment and construction sector.

To enable transformative advances in health and safety across the diverse construction sector through technology and innovation and the new opportunities and risks arising from such changes. 

To ensure that our approach to regulating chemicals and microbial control agents is effective, efficient, agile and based on up-to-date understanding and evidence.    This will ensure that HSE continues to be an internationally influential and competent regulator that ensures the protection of workers, bystanders, consumers and the environment from chemicals whilst enabling GB to grow and prosper.  

To develop the evidence needed to ensure that our regulatory approach to chemicals is fit for purpose for the future.  This requires an understanding of the future trends in chemical use, technological changes and consequences for both health and environmental hazards.

To develop the evidence for innovative approaches to regulation through collaboration across HSE and other government departments, to make sure we maintain our world-class reputation for regulatory excellence. We will continue to make the best use of new data collection techniques, modelling and analytical methods to help us make proportionate regulatory decisions.

The questions provide more detail of the evidence needs within the main Areas of Research Interest Question Group.",3602,[],[],[],1,10,archived; background; health_related; long_text; ukri_many; department_spread
719062,https://ari.org.uk/aris/719062,What are the implications of using AI models and what are their impacts on different customer groups?,false,HMRC,Modernisation and Reform- Data Use - Use of AI models,2024-11-11 00:00:00,,"The use of digital technology to deliver government administration and public services generates useful data and analytics as well as opportunities to capitalise on artificial intelligence. Increasingly complex data flows within and across organisations have made data privacy and trustworthy management of data all the more important. Whilst existing data protection legal frameworks regulate the collection and use of personal data, there are other ethical and technical considerations on data collection and sharing in the tax system that are worth exploring.",718,[],[],[],1,10,background; current; dea_overlap_department; ukri_many; department_spread
718917,https://ari.org.uk/aris/718917,How effective is spending through financial benefits compared to service provision in supporting different groups of people?,false,HMT,Public Spending & Public Services,2024-11-11 00:00:00,,"Analysis on Public Spending and Public Services relates to how HM Treasury advises ministers on both the level and the composition of how taxpayers’ money is spent. Within this we are interested in driving improved outcomes and efficiency across key public services and departments; ensuring value for money is at the centre for decision-making through better data, analysis and evaluation; and putting the public finances on a strong and sustainable footing.",618,[],[],[],1,10,background; current; ukri_many; department_spread
999861,https://ari.org.uk/aris/999861,What are the predicted trends in the implementation and use of nuclear power in shipping?,false,MCA,Decarbonisation,2025-11-17 00:00:00,,"We aim to encourage and enable the decarbonisation of the UK maritime industry, in line with the International Maritime Organisation (IMO) strategy to reduce global shipping emissions.

To be progressive regulators and effectively support industry to make this transition, we need to be well-informed by high quality evidence.",431,"[""economy, business and finance"",""alternative energy"",""biofuel"",""environment"",""energy resources"",""renewable energy""]","[""engineering"",""maritime engineering"",""evidence-based policy""]","[""Nuclear propulsion (maritime)"",""Future ship energy systems"",""Regulatory readiness for nuclear"",""Technology adaption trends"",""Maritime decarbonisation""]",1,1,background; current; ukri_few; department_spread
724007,https://ari.org.uk/aris/724007,Are there any analytical tools we should be aware of that could support work at the local level?,false,"Ministry of Housing, Communities and Local Government",Cross-cutting research methodologies and related issues,2025-03-05 00:00:00,,"We are keen to hear about the cutting-edge approaches the research community is using which could have applications in MHCLG’s work. Particularly in ground-breaking evaluations, with a robust focus on impact and value for money. We are also interested in innovative techniques (such as preventative analytics) and data sharing.",480,"[""economy, business and finance"",""research and development"",""education"",""politics"",""public finance"",""government policy"",""economic policy"",""data protection policy"",""science and technology"",""technology and engineering"",""information technology and computer science"",""society"",""social condition"",""welfare""]","[""built environment and design"",""economics"",""environmental sciences"",""human society"",""policy and administration"",""other human society"",""information and computing sciences"",""applied computing"",""data management and data science""]","[""data analysis"",""data sharing"",""impact evaluation"",""innovation"",""local governance""]",1,7,background; current; department_spread
17724,https://ari.org.uk/aris/17724,"How can the use of data and technology support our workforce with case management, risk mitigation, and the delivery of effective supervision?",true,Ministry of Justice,Staff and workforce,2020-12-14 00:00:00,,We want to build confidence and trust in a system that upholds public protection and creates the conditions for individual rehabilitation. We want to better support the probation service in using evidence-based decision-making.,390,"[""crime, law and justice"",""science and technology"",""technology and engineering"",""information technology and computer science""]","[""information and computing sciences"",""applied computing"",""data management and data science"",""information systems""]","[""data"",""technology"",""workforce"",""case management"",""risk mitigation"",""supervision""]",1,2,archived; background; dea_overlap_department; short_text; ukri_few; department_spread
798419,https://ari.org.uk/aris/798419,What capabilities do we currently rely on and what might we need in the future? How can horizon scanning and futures thinking be used to inform policy decisions?,false,NCA,Cross Cutting/Horizon Scanning/Horizon Scanning,2025-07-18 00:00:00,,"Alongside the more specific categories for further research, there are some cross-cutting themes where the research questions and gaps are relevant across economic crime as a whole. 

This includes how best to understand and respond to the threat as technology develops quickly. For example, how might this technology development influence the response required. 

There are also gaps in the best research methods to understand economic crime as a whole; for example, around best identification and utilisation of suitable data sources. Finally, horizon scanning is crucial to maintaining sight of how the threat may evolve and how best to prepare for mitigating that in the future.",888,[],[],"[""economic crime"",""horizon scanning""]",1,10,background; current; ukri_many; department_spread
345165,https://ari.org.uk/aris/345165,International Relations,false,Nuclear Decommissioning Authority,Critical Enablers,2023-11-15 00:00:00,,We recognise that whilst some of our decommissioning challenges are unique there are opportunities for research collaborations on decommissioning with international nuclear organisations such as International Atomic Energy Agency or Nuclear Energy Agency and organisations with similar remit to NDA in other countries.,360,"[""economy, business and finance"",""nuclear power"",""science and technology"",""nuclear physics""]","[""physical sciences"",""nuclear and plasma physics""]","[""international relations"",""nuclear decommissioning"",""research collaborations"",""nuclear organizations"",""policy-making""]",1,10,background; current; short_text; ukri_many; department_spread
242495,https://ari.org.uk/aris/242495,"Statistics representing society: How well or poorly do statistics represent society, and what are the impacts of this on how they are used and valued?",false,Office for Statistics Regulation,Cross-cutting interests,2023-10-26 00:00:00,,"To deliver against our vision of statistics that serve the public good, in OSR we describe our work under the headings of how statistics are produced, how they are used, and how they are valued. However, in practice it is natural that elements of our work and interests cut across all of these three areas. Some of the questions we are interested in span multiple areas of our mission (how statistics are produced, used and valued).",607,"[""science and technology"",""social sciences"",""sociology"",""society"",""demographics"",""population and census"",""discrimination"",""social condition"",""ethics"",""welfare""]","[""economics"",""human society"",""anthropology"",""criminology"",""demography"",""development studies"",""gender studies"",""human geography"",""policy and administration"",""information and computing sciences""]","[""statistics"",""society"",""data analysis"",""policy-making"",""public good""]",1,6,background; current; department_spread
725459,https://ari.org.uk/aris/725459,How do other countries use property taxes and how have successful reforms to these been delivered?,false,Scottish Government Department for Tax and Revenues,Local government taxation,2024-12-04 00:00:00,,"Our plan is to research the tax systems of other countries to understand how best to structure the balance between local and national taxes, with a particular focus on property taxes.",308,"[""politics"",""taxation""]",[],[],1,0,background; current; short_text; ukri_zero; department_spread
999997,https://ari.org.uk/aris/999997,How do Scotland's people make the most of opportunities presented by land reform?,false,"Scottish Government Environment, Natural Resources and Agriculture",Enhancing rural and island communities,2026-03-05 00:00:00,,"Question Group: Focused on strengthening Scotland’s rural and island communities, by improving understanding of service delivery, investment and land reform, alongside the characteristics of diverse rural and island areas. Aims to empower rural and island communities through innovative and place-based research methods, and provision of the right data and tools, to ensure that they can thrive.

Sub-questions: - Are there geographical disparities in which communities have benefited from land reform, and which have not, and what differentiates them?  
- What are the most important support mechanisms in place for community ownership - insitutional public sector support?  What are the gaps?
- What support or help is needed after the buyout to support community ownership (from public sector and third sector)? Are there specific interventions (e.g. governance) which arise repeatedly for communities owning land?
- Would other governance mechanisms and approaches to land reform better suit communities and citizens?
- What has been the wider social impact of decisions to take land or other assets into community owners, and how has that compared to initial assessments or business cases? 
- How have policies like LRRS and guidence for community engagement impacted the quality of engagement between landowners and local communities over time? 
- Is there any difference in impact/outputs between public bodies and private sector in terms of supporting land reform through LRRS etc? / Are public bodies delivering the LRRS?
- What is the role/impact of communities taking on responsibilities over land, assets or services without ownership? What are the risks/benefits?",1791,"[""society"",""communities""]","[""agricultural, veterinary and food sciences"",""agriculture, land and farm management""]","[""land reform"",""rural"",""islands""]",1,10,background; current; long_text; ukri_many; department_spread
728596,https://ari.org.uk/aris/728596,"How do we encourage greater diversity – in terms of protected characteristics and socio-economic background – amongst the justice sector workforce and in the legal profession, including within senior roles such as the judiciary?",false,Scottish Government Justice Analytical Services,Whole Justice System Analysis - Justice Equalities,2025-05-27 00:00:00,,"Delivering the Scottish Government’s Vision for Justice requires a whole system approach as recognised in its four underpinning core principles: ‘Founded in equality and human rights’,’ Evidence-based’, ‘Embed person-centred and trauma-informed practices’ and, ‘Collaboration and Partnership’. As such, Justice Analytical Services have identified the theme of ‘Whole Justice System Analysis’ as a research priority. This theme includes holistic research into justice equalities, justice economics and justice as a system – robust research on all of these topics will inform work towards the Vision for Justice aims.",895,"[""crime, law and justice"",""justice""]",[],"[""justice system"",""diversity"",""judiciary"",""legal profession"",""protected characteristics""]",1,7,background; current; department_spread
871246,https://ari.org.uk/aris/871246,"What long-term funding frameworks could sustain the monitoring infrastructure 
needed to detect ecosystem-scale changes over decadal timeframes?",false,Scottish Government Marine Directorate,Intelligent Observation - Transformation Monitoring,2025-08-20 00:00:00,,"Effective management of Scotland's marine and freshwater environments requires robust, 
timely, and accessible data and evidence. This research area focuses on developing and 
implementing new approaches for monitoring, data collection, analysis, and curation and 
sharing to support evidence-based decision-making and adaptive management.",532,"[""environment""]",[],[],1,10,background; current; ukri_many; department_spread
866780,https://ari.org.uk/aris/866780,"Identify additional considerations and emerging areas of research that could enhance our understanding of the relationship between climate change, sport, and physical activity.",false,Sport England,"ARI 8: Understanding the impacts of a changing climate on people, places, and sport and physical activity.",2025-08-05 00:00:00,,"Sport England seeks to tackle inequalities in sport and physical activity, providing opportunities to people and communities that have traditionally been left behind, and helping to remove the barriers to activity. 

Understanding how people think, feel, experience, and behave towards sport and physical activity is fundamental in shaping inclusive, equitable policies and practices. We need greater evidence on what works so we know how best to do this.

The question above relates to the following Sport England Area of Research Interest: ARI 8. Understanding the impacts of a changing climate on people, places, and sport and physical activity.

*Please visit Sport England's ARI webpage for our definition of under-represented* groups, and to download the source document: https://www.sportengland.org/research-and-data/areas-of-research-interest",1131,"[""environment"",""climate change"",""health"",""public health"",""lifestyle and leisure"",""exercise and fitness"",""society"",""demographics"",""pregnancy and childbirth"",""adults"",""children"",""disabilities"",""national or ethnic minority"",""social condition"",""sport""]","[""environmental sciences"",""climate change impacts and adaptation"",""health sciences"",""public health"",""sports science and exercise"",""human society"",""demography"",""human geography"",""sociology"",""psychology"",""climate change""]","[""sport"",""physical activity"",""climate change"",""climate impact"",""under-represented groups"",""attitudes"",""behaviours""]",1,10,background; current; health_related; ukri_many; department_spread
721357,https://ari.org.uk/aris/721357,"How do we actively engage different audiences and research communities in impactful ways, maintaining a reflexive and inclusive approach to research practice, engagement and development?",false,The National Archives,The archive within and for society,2025-02-03 00:00:00,,"Finally, we believe that archives are for everyone, and should mean something to everyone. It is not enough to wait for our stakeholders to come to us; we must go beyond our own front doors, to realise the public value of the archive in society through our educational and student programmes, our work in communities, and our partnerships with the wider academic sector.

This research theme captures our vision for the archive as an institution that helps us both understand and shape our own wellbeing and social identity, as a space where the stories of our records and our objects come to life, and as a place where our users are fully empowered, including by the latest technological tools, to conduct their own scholarship into our collection.

The National Archives is one of around 2,500 archives in the United Kingdom. Our vision can only be realised through a national infrastructure of public and private archives, delivering social and economic value in the places where they are found, and working in partnership with the wider galleries, libraries, museums and academic (GLAMA) sectors. As the sector leadership body for archives, we are committed to releasing their potential through an ambitious vision for the archives sector across the UK.",1477,[],[],[],1,10,background; current; ukri_many; department_spread
496635,https://ari.org.uk/aris/496635,"How can policing utilise smart assistants, such as to manage the logistics of police deployment and tasking or to ensure that victims and witnesses receive the best possible support?",false,UK Policing: Office of Police Chief Scientific Adviser,"Interconnectivity – modern, full journey public engagement",2024-04-08 00:00:00,,"""The ability to pass information quickly, accurately, and securely, and the ability to intercept or disrupt communications of others.

Our interests here relate to how policing can better service the public and victims to that they have easy and timely access to information. This might consider the use of possible ‘self-service’ options or smart assistants to provide assurance to victims on their case progress. This interest is not about reducing the person contact the pubic have with the police workforce but being able to use that contact in a smarter, more effective way. """,822,"[""crime, law and justice"",""law enforcement"",""science and technology"",""information technology and computer science""]","[""policing"",""smart assistants"",""logistics"",""victim support"",""witness support""]","[""policing"",""smart assistants"",""logistics"",""victim support"",""witness support""]",1,10,background; current; ukri_many; department_spread
986675,https://ari.org.uk/aris/986675,"4.7. What are the main challenges in ensuring online safety in a minority language?

4.7a Which approaches are effective in addressing these challenges?",false,Welsh Government,Creating favourable conditions—infrastructure and context,2026-01-08 00:00:00,,"This theme is about creating the infrastructure and conditions needed to support the two preceding themes—that is, the acquisition and use of the Welsh language. It spans a wide range of policy areas. 

Effective economic planning and development are essential to creating environments where the Welsh language can be transmitted, acquired, learned, and used. Raising productivity in communities with a higher density of Welsh speakers is particularly important for ensuring their long-term viability —and, by extension, the viability of the Welsh language within them. Ensuring that the Welsh language is embedded in cultural life and the media in Wales, and is at the forefront of digital innovation, is also critical to the success of Cymraeg 2050.

Within this theme, there are questions relating to community and the economy, culture and the media, digital technology, linguistic infrastructure, and language planning,",1130,[],[],[],1,0,background; current; ukri_zero; department_spread
