canonical_record_id,original_run1_id,original_run2_id,domain_set_run1,domain_set_run2,domain_exact_match,domain_jaccard,purpose_set_run1,purpose_set_run2,purpose_exact_match,purpose_jaccard,covid_run1,covid_run2,equity_disparities_run1,equity_disparities_run2,joint_tag_match,all_component_match,migration_note
2019/015,2019/015,2019/015,"[""Poverty, Wealth & Living Standards""]","[""Poverty, Wealth & Living Standards""]",true,1.000000000000,"[""Descriptive Monitoring""]","[""Descriptive Monitoring""]",true,1.000000000000,false,false,false,false,true,true,
2019/024,2019/024,2019/024,"[""Housing & Planning"", ""Migration & Demographics""]","[""Housing & Planning"", ""Migration & Demographics""]",true,1.000000000000,"[""Policy Evaluation / Impact Analysis""]","[""Policy Evaluation / Impact Analysis""]",true,1.000000000000,false,false,false,false,true,true,
2020/003,2020/003,2020/003,"[""Housing & Planning"", ""Labour Market & Employment"", ""Public Finance & Taxation""]","[""Housing & Planning"", ""Labour Market & Employment"", ""Public Finance & Taxation""]",true,1.000000000000,"[""Policy Evaluation / Impact Analysis""]","[""Policy Evaluation / Impact Analysis""]",true,1.000000000000,false,false,false,false,true,true,
2020/006,2020/006,2020/006,"[""Education & Skills""]","[""Education & Skills""]",true,1.000000000000,"[""Outcome Tracking""]","[""Outcome Tracking""]",true,1.000000000000,false,false,false,true,false,false,
2020/013,2020/013,2020/013,"[""Business & Productivity""]","[""Business & Productivity""]",true,1.000000000000,"[""Descriptive Monitoring""]","[""Descriptive Monitoring""]",true,1.000000000000,false,false,false,false,true,true,
2020/019,2020/019,2020/019,"[""Labour Market & Employment"", ""Public Finance & Taxation""]","[""Labour Market & Employment"", ""Public Finance & Taxation""]",true,1.000000000000,"[""Policy Evaluation / Impact Analysis""]","[""Policy Evaluation / Impact Analysis""]",true,1.000000000000,false,false,false,false,true,true,
2020/022,2020/022,2020/022,"[""Education & Skills"", ""Labour Market & Employment""]","[""Education & Skills"", ""Labour Market & Employment""]",true,1.000000000000,"[""Descriptive Monitoring""]","[""Descriptive Monitoring""]",true,1.000000000000,false,false,false,false,true,true,
2020/027,2020/027,2020/027,"[""Health & Social Care""]","[""Health & Social Care""]",true,1.000000000000,"[""Descriptive Monitoring""]","[""Descriptive Monitoring""]",true,1.000000000000,true,true,false,false,true,true,
2020/030/a,2020/030/a,2020/030/a,"[""Business & Productivity""]","[""Business & Productivity""]",true,1.000000000000,"[""Outcome Tracking""]","[""Outcome Tracking""]",true,1.000000000000,false,false,false,false,true,true,
2020/030/b,2020/030/b,2020/030/b,"[""Labour Market & Employment""]","[""Labour Market & Employment""]",true,1.000000000000,"[""Life-Course / Trajectory Analysis""]","[""Life-Course / Trajectory Analysis""]",true,1.000000000000,false,false,false,false,true,true,
2020/033,2020/033,2020/033,"[""Education & Skills""]","[""Education & Skills""]",true,1.000000000000,"[""Outcome Tracking""]","[""Outcome Tracking""]",true,1.000000000000,false,false,true,false,false,false,
2020/045,2020/045,2020/045,"[""Migration & Demographics"", ""Public Finance & Taxation""]","[""Migration & Demographics"", ""Public Finance & Taxation""]",true,1.000000000000,"[""Outcome Tracking""]","[""Outcome Tracking""]",true,1.000000000000,false,false,false,false,true,true,
2020/046,2020/046,2020/046,"[""Labour Market & Employment""]","[""Labour Market & Employment""]",true,1.000000000000,"[""Life-Course / Trajectory Analysis""]","[""Life-Course / Trajectory Analysis""]",true,1.000000000000,false,false,false,false,true,true,
2020/050,2020/050,2020/050,"[""Poverty, Wealth & Living Standards""]","[""Unclear from Register Entry""]",false,0.000000000000,"[""Descriptive Monitoring""]","[""Descriptive Monitoring""]",true,1.000000000000,false,false,true,true,true,false,
2020/053,2020/053,2020/053,"[""Business & Productivity""]","[""Business & Productivity""]",true,1.000000000000,"[""Outcome Tracking""]","[""Outcome Tracking""]",true,1.000000000000,false,false,false,false,true,true,
2020/056,2020/056,2020/056,"[""Health & Social Care""]","[""Health & Social Care""]",true,1.000000000000,"[""Outcome Tracking""]","[""Outcome Tracking""]",true,1.000000000000,true,true,false,false,true,true,
2020/062,2020/062,2020/062,"[""Business & Productivity"", ""Labour Market & Employment""]","[""Business & Productivity"", ""Labour Market & Employment""]",true,1.000000000000,"[""Outcome Tracking""]","[""Outcome Tracking""]",true,1.000000000000,false,false,false,false,true,true,
2020/066,2020/066,2020/066,"[""Business & Productivity""]","[""Business & Productivity""]",true,1.000000000000,"[""Policy Evaluation / Impact Analysis""]","[""Policy Evaluation / Impact Analysis""]",true,1.000000000000,true,true,false,false,true,true,
2020/074,2020/074,2020/074,"[""Health & Social Care""]","[""Health & Social Care""]",true,1.000000000000,"[""Descriptive Monitoring""]","[""Descriptive Monitoring""]",true,1.000000000000,false,false,false,false,true,true,
2020/077,2020/077,2020/077,"[""Health & Social Care""]","[""Health & Social Care""]",true,1.000000000000,"[""Outcome Tracking""]","[""Outcome Tracking""]",true,1.000000000000,false,false,false,false,true,true,
2020/078,2020/078,2020/078,"[""Health & Social Care""]","[""Health & Social Care""]",true,1.000000000000,"[""Outcome Tracking""]","[""Outcome Tracking""]",true,1.000000000000,false,false,false,false,true,true,
2020/082,2020/082,2020/082,"[""Health & Social Care""]","[""Health & Social Care""]",true,1.000000000000,"[""Descriptive Monitoring"", ""Outcome Tracking""]","[""Descriptive Monitoring""]",false,0.500000000000,true,true,true,true,true,false,
2020/083,2020/083,2020/083,"[""Labour Market & Employment""]","[""Labour Market & Employment""]",true,1.000000000000,"[""Outcome Tracking""]","[""Outcome Tracking""]",true,1.000000000000,false,false,true,true,true,true,
2020/084,2020/084,2020/084,"[""Health & Social Care""]","[""Health & Social Care""]",true,1.000000000000,"[""Descriptive Monitoring""]","[""Descriptive Monitoring""]",true,1.000000000000,true,true,false,false,true,true,
2020/086,2020/086,2020/086,"[""Business & Productivity"", ""Labour Market & Employment""]","[""Business & Productivity"", ""Labour Market & Employment"", ""Migration & Demographics""]",false,0.666666666667,"[""Policy Evaluation / Impact Analysis""]","[""Policy Evaluation / Impact Analysis""]",true,1.000000000000,false,false,false,false,true,false,
2020/092,2020/092,2020/092,"[""Data Infrastructure & Methodology"", ""Migration & Demographics""]","[""Data Infrastructure & Methodology"", ""Migration & Demographics""]",true,1.000000000000,"[""Descriptive Monitoring"", ""Methodological / Infrastructure Research""]","[""Descriptive Monitoring"", ""Methodological / Infrastructure Research""]",true,1.000000000000,false,false,false,false,true,true,
2020/095,2020/095,2020/095,"[""Business & Productivity""]","[""Business & Productivity""]",true,1.000000000000,"[""Outcome Tracking""]","[""Outcome Tracking""]",true,1.000000000000,false,false,false,false,true,true,
2020/104,2020/104,2020/104,"[""Health & Social Care""]","[""Health & Social Care""]",true,1.000000000000,"[""Descriptive Monitoring""]","[""Descriptive Monitoring""]",true,1.000000000000,true,true,false,false,true,true,
2020/106,2020/106,2020/106,"[""Health & Social Care""]","[""Health & Social Care""]",true,1.000000000000,"[""Descriptive Monitoring""]","[""Descriptive Monitoring""]",true,1.000000000000,true,true,false,false,true,true,
2020/118,2020/118,2020/118,"[""Health & Social Care""]","[""Health & Social Care""]",true,1.000000000000,"[""Methodological / Infrastructure Research"", ""Outcome Tracking""]","[""Risk Prediction / Early Identification""]",false,0.000000000000,false,false,false,false,true,false,
2020/120,2020/120,2020/120,"[""Business & Productivity"", ""Health & Social Care"", ""Labour Market & Employment""]","[""Health & Social Care"", ""Labour Market & Employment""]",false,0.666666666667,"[""Descriptive Monitoring""]","[""Descriptive Monitoring""]",true,1.000000000000,true,true,false,false,true,false,
2020/127,2020/127,2020/127,"[""Health & Social Care"", ""Labour Market & Employment""]","[""Health & Social Care""]",false,0.500000000000,"[""Outcome Tracking""]","[""Outcome Tracking""]",true,1.000000000000,true,true,false,false,true,false,
2021/002,2021/002,2021/002,"[""Health & Social Care""]","[""Health & Social Care""]",true,1.000000000000,"[""Descriptive Monitoring""]","[""Descriptive Monitoring""]",true,1.000000000000,true,true,false,false,true,true,
2021/012,2021/012,2021/012,"[""Health & Social Care""]","[""Health & Social Care""]",true,1.000000000000,"[""Descriptive Monitoring""]","[""Descriptive Monitoring""]",true,1.000000000000,true,true,false,false,true,true,
2021/013,2021/013,2021/013,"[""Health & Social Care""]","[""Health & Social Care""]",true,1.000000000000,"[""Outcome Tracking""]","[""Outcome Tracking""]",true,1.000000000000,true,true,true,true,true,true,
2021/015,2021/015,2021/015,"[""Business & Productivity"", ""Labour Market & Employment"", ""Poverty, Wealth & Living Standards""]","[""Business & Productivity"", ""Labour Market & Employment"", ""Poverty, Wealth & Living Standards""]",true,1.000000000000,"[""Descriptive Monitoring""]","[""Outcome Tracking""]",false,0.000000000000,true,true,false,false,true,false,
2021/017,2021/017,2021/017,"[""Business & Productivity""]","[""Business & Productivity""]",true,1.000000000000,"[""Policy Evaluation / Impact Analysis""]","[""Policy Evaluation / Impact Analysis""]",true,1.000000000000,false,false,false,false,true,true,
2021/018,2021/018,2021/018,"[""Labour Market & Employment""]","[""Labour Market & Employment""]",true,1.000000000000,"[""Outcome Tracking""]","[""Outcome Tracking""]",true,1.000000000000,true,true,true,true,true,true,
2021/028,2021/028,2021/028,"[""Health & Social Care""]","[""Health & Social Care""]",true,1.000000000000,"[""Methodological / Infrastructure Research""]","[""Methodological / Infrastructure Research""]",true,1.000000000000,false,false,false,false,true,true,
2021/032,2021/032,2021/032,"[""Labour Market & Employment""]","[""Labour Market & Employment""]",true,1.000000000000,"[""Descriptive Monitoring""]","[""Descriptive Monitoring""]",true,1.000000000000,false,false,true,true,true,true,
2021/040,2021/040,2021/040,"[""Crime & Justice""]","[""Crime & Justice""]",true,1.000000000000,"[""Descriptive Monitoring"", ""Service Interaction / Systems Analysis""]","[""Descriptive Monitoring"", ""Service Interaction / Systems Analysis""]",true,1.000000000000,false,false,false,false,true,true,
2021/044,2021/044,2021/044,"[""Health & Social Care"", ""Labour Market & Employment""]","[""Health & Social Care"", ""Labour Market & Employment""]",true,1.000000000000,"[""Outcome Tracking""]","[""Outcome Tracking""]",true,1.000000000000,true,true,false,false,true,true,
2021/046,2021/046,2021/046,"[""Health & Social Care""]","[""Health & Social Care""]",true,1.000000000000,"[""Methodological / Infrastructure Research"", ""Policy Evaluation / Impact Analysis""]","[""Methodological / Infrastructure Research"", ""Policy Evaluation / Impact Analysis""]",true,1.000000000000,true,true,false,false,true,true,
2021/053,2021/053,2021/053,"[""Education & Skills"", ""Labour Market & Employment""]","[""Labour Market & Employment""]",false,0.500000000000,"[""Outcome Tracking""]","[""Outcome Tracking""]",true,1.000000000000,true,true,false,false,true,false,
2021/054,2021/054,2021/054,"[""Labour Market & Employment""]","[""Labour Market & Employment""]",true,1.000000000000,"[""Policy Evaluation / Impact Analysis""]","[""Policy Evaluation / Impact Analysis""]",true,1.000000000000,false,false,true,true,true,true,
2021/071,2021/071,2021/071,"[""Poverty, Wealth & Living Standards""]","[""Poverty, Wealth & Living Standards""]",true,1.000000000000,"[""Descriptive Monitoring"", ""Outcome Tracking""]","[""Descriptive Monitoring"", ""Outcome Tracking""]",true,1.000000000000,true,true,false,false,true,true,
2021/087,2021/087,2021/087,"[""Labour Market & Employment"", ""Migration & Demographics""]","[""Labour Market & Employment"", ""Migration & Demographics""]",true,1.000000000000,"[""Life-Course / Trajectory Analysis""]","[""Life-Course / Trajectory Analysis""]",true,1.000000000000,false,false,false,false,true,true,
2021/089,2021/089,2021/089,"[""Crime & Justice""]","[""Crime & Justice""]",true,1.000000000000,"[""Outcome Tracking""]","[""Outcome Tracking""]",true,1.000000000000,false,false,false,false,true,true,
2021/090,2021/090,2021/090,"[""Data Infrastructure & Methodology"", ""Environment & Agriculture""]","[""Data Infrastructure & Methodology"", ""Environment & Agriculture""]",true,1.000000000000,"[""Methodological / Infrastructure Research""]","[""Methodological / Infrastructure Research""]",true,1.000000000000,false,false,false,false,true,true,
2021/104,2021/104,2021/104,"[""Labour Market & Employment""]","[""Labour Market & Employment""]",true,1.000000000000,"[""Outcome Tracking""]","[""Outcome Tracking""]",true,1.000000000000,true,true,true,true,true,true,
2021/114,2021/114,2021/114,"[""Environment & Agriculture"", ""Health & Social Care""]","[""Environment & Agriculture"", ""Health & Social Care""]",true,1.000000000000,"[""Policy Evaluation / Impact Analysis""]","[""Policy Evaluation / Impact Analysis""]",true,1.000000000000,false,false,false,false,true,true,
2021/123,2021/123,2021/123,"[""Labour Market & Employment""]","[""Labour Market & Employment""]",true,1.000000000000,"[""Descriptive Monitoring""]","[""Descriptive Monitoring""]",true,1.000000000000,false,false,false,false,true,true,
2021/131,2021/131,2021/131,"[""Labour Market & Employment""]","[""Labour Market & Employment""]",true,1.000000000000,"[""Descriptive Monitoring""]","[""Descriptive Monitoring""]",true,1.000000000000,false,false,true,true,true,true,
2021/132,2021/132,2021/132,"[""Business & Productivity""]","[""Business & Productivity""]",true,1.000000000000,"[""Descriptive Monitoring""]","[""Outcome Tracking""]",false,0.000000000000,false,false,false,false,true,false,
2021/137,2021/137,2021/137,"[""Data Infrastructure & Methodology""]","[""Data Infrastructure & Methodology""]",true,1.000000000000,"[""Methodological / Infrastructure Research""]","[""Methodological / Infrastructure Research""]",true,1.000000000000,false,false,false,false,true,true,
2021/138,2021/138,2021/138,"[""Business & Productivity"", ""Data Infrastructure & Methodology""]","[""Business & Productivity""]",false,0.500000000000,"[""Methodological / Infrastructure Research""]","[""Methodological / Infrastructure Research""]",true,1.000000000000,false,false,false,false,true,false,
2021/140,2021/140,2021/140,"[""Health & Social Care"", ""Labour Market & Employment""]","[""Health & Social Care"", ""Labour Market & Employment""]",true,1.000000000000,"[""Outcome Tracking""]","[""Outcome Tracking""]",true,1.000000000000,false,false,false,false,true,true,
2021/154,2021/154,2021/154,"[""Labour Market & Employment""]","[""Labour Market & Employment""]",true,1.000000000000,"[""Descriptive Monitoring""]","[""Descriptive Monitoring""]",true,1.000000000000,false,false,true,true,true,true,
2021/172,2021/172,2021/172,"[""Labour Market & Employment""]","[""Labour Market & Employment""]",true,1.000000000000,"[""Policy Evaluation / Impact Analysis""]","[""Policy Evaluation / Impact Analysis""]",true,1.000000000000,false,false,false,false,true,true,
2021/176,2021/176,2021/176,"[""Environment & Agriculture""]","[""Environment & Agriculture""]",true,1.000000000000,"[""Descriptive Monitoring""]","[""Descriptive Monitoring""]",true,1.000000000000,false,false,false,false,true,true,
2021/180,2021/180,2021/180,"[""Business & Productivity""]","[""Business & Productivity""]",true,1.000000000000,"[""Outcome Tracking""]","[""Outcome Tracking""]",true,1.000000000000,false,false,false,false,true,true,
2022/022,2022/022,2022/022,"[""Crime & Justice"", ""Health & Social Care""]","[""Crime & Justice"", ""Health & Social Care""]",true,1.000000000000,"[""Descriptive Monitoring""]","[""Descriptive Monitoring""]",true,1.000000000000,false,false,false,false,true,true,
2022/041,2022/041,2022/041,"[""Poverty, Wealth & Living Standards""]","[""Poverty, Wealth & Living Standards""]",true,1.000000000000,"[""Descriptive Monitoring""]","[""Descriptive Monitoring""]",true,1.000000000000,false,false,false,false,true,true,
2022/044,2022/044,2022/044,"[""Business & Productivity"", ""Labour Market & Employment""]","[""Business & Productivity"", ""Labour Market & Employment""]",true,1.000000000000,"[""Outcome Tracking""]","[""Outcome Tracking""]",true,1.000000000000,false,false,false,false,true,true,
2022/045,2022/045,2022/045,"[""Business & Productivity""]","[""Business & Productivity""]",true,1.000000000000,"[""Outcome Tracking""]","[""Outcome Tracking""]",true,1.000000000000,false,false,false,false,true,true,
2022/047,2022/047,2022/047,"[""Education & Skills"", ""Poverty, Wealth & Living Standards""]","[""Education & Skills"", ""Poverty, Wealth & Living Standards""]",true,1.000000000000,"[""Policy Evaluation / Impact Analysis""]","[""Policy Evaluation / Impact Analysis""]",true,1.000000000000,false,false,false,false,true,true,
2022/060,2022/060,2022/060,"[""Business & Productivity""]","[""Business & Productivity""]",true,1.000000000000,"[""Policy Evaluation / Impact Analysis""]","[""Policy Evaluation / Impact Analysis""]",true,1.000000000000,false,false,false,false,true,true,
2022/073,2022/073,2022/073,"[""Education & Skills""]","[""Education & Skills""]",true,1.000000000000,"[""Outcome Tracking""]","[""Outcome Tracking""]",true,1.000000000000,false,false,false,false,true,true,
2022/095,2022/095,2022/095,"[""Business & Productivity""]","[""Business & Productivity""]",true,1.000000000000,"[""Descriptive Monitoring""]","[""Descriptive Monitoring""]",true,1.000000000000,false,false,false,false,true,true,
2022/109,2022/109,2022/109,"[""Business & Productivity""]","[""Business & Productivity""]",true,1.000000000000,"[""Descriptive Monitoring""]","[""Descriptive Monitoring""]",true,1.000000000000,false,false,false,false,true,true,
2022/117,2022/117,2022/117,"[""Education & Skills""]","[""Education & Skills""]",true,1.000000000000,"[""Descriptive Monitoring""]","[""Descriptive Monitoring""]",true,1.000000000000,false,false,true,true,true,true,
2022/129,2022/129,2022/129,"[""Data Infrastructure & Methodology"", ""Environment & Agriculture""]","[""Data Infrastructure & Methodology"", ""Environment & Agriculture""]",true,1.000000000000,"[""Methodological / Infrastructure Research""]","[""Methodological / Infrastructure Research""]",true,1.000000000000,false,false,false,false,true,true,
2022/132,2022/132,2022/132,"[""Business & Productivity""]","[""Business & Productivity""]",true,1.000000000000,"[""Methodological / Infrastructure Research""]","[""Descriptive Monitoring""]",false,0.000000000000,false,false,false,false,true,false,
2022/133,2022/133,2022/133,"[""Labour Market & Employment""]","[""Labour Market & Employment""]",true,1.000000000000,"[""Descriptive Monitoring""]","[""Descriptive Monitoring""]",true,1.000000000000,false,false,true,true,true,true,
2022/135,2022/135,2022/135,"[""Labour Market & Employment""]","[""Labour Market & Employment""]",true,1.000000000000,"[""Outcome Tracking""]","[""Outcome Tracking""]",true,1.000000000000,false,false,false,false,true,true,
2022/136,2022/136,2022/136,"[""Business & Productivity""]","[""Business & Productivity""]",true,1.000000000000,"[""Outcome Tracking""]","[""Outcome Tracking""]",true,1.000000000000,false,false,false,false,true,true,
2022/144,2022/144,2022/144,"[""Housing & Planning"", ""Labour Market & Employment""]","[""Housing & Planning"", ""Labour Market & Employment""]",true,1.000000000000,"[""Outcome Tracking""]","[""Outcome Tracking""]",true,1.000000000000,false,false,false,false,true,true,
2022/159,2022/159,2022/159,"[""Labour Market & Employment"", ""Poverty, Wealth & Living Standards""]","[""Health & Social Care"", ""Labour Market & Employment"", ""Poverty, Wealth & Living Standards""]",false,0.666666666667,"[""Outcome Tracking""]","[""Outcome Tracking""]",true,1.000000000000,false,false,false,false,true,false,
2022/172,2022/172,2022/172,"[""Business & Productivity""]","[""Business & Productivity""]",true,1.000000000000,"[""Outcome Tracking""]","[""Outcome Tracking""]",true,1.000000000000,false,false,false,false,true,true,
2022/176,2022/176,2022/176,"[""Business & Productivity"", ""Labour Market & Employment""]","[""Business & Productivity"", ""Labour Market & Employment""]",true,1.000000000000,"[""Outcome Tracking""]","[""Outcome Tracking""]",true,1.000000000000,false,false,false,false,true,true,
2022/177,2022/177,2022/177,"[""Business & Productivity""]","[""Business & Productivity""]",true,1.000000000000,"[""Descriptive Monitoring""]","[""Unclear from Register Entry""]",false,0.000000000000,false,false,false,false,true,false,
2022/193,2022/193,2022/193,"[""Crime & Justice""]","[""Crime & Justice""]",true,1.000000000000,"[""Policy Evaluation / Impact Analysis""]","[""Policy Evaluation / Impact Analysis""]",true,1.000000000000,false,false,false,false,true,true,
2023/004,2023/004,2023/004,"[""Education & Skills"", ""Health & Social Care""]","[""Education & Skills"", ""Health & Social Care""]",true,1.000000000000,"[""Life-Course / Trajectory Analysis"", ""Outcome Tracking""]","[""Life-Course / Trajectory Analysis"", ""Outcome Tracking""]",true,1.000000000000,false,false,false,false,true,true,
2023/008,2023/008,2023/008,"[""Labour Market & Employment""]","[""Labour Market & Employment""]",true,1.000000000000,"[""Life-Course / Trajectory Analysis""]","[""Life-Course / Trajectory Analysis""]",true,1.000000000000,false,false,false,false,true,true,
2023/009,2023/009,2023/009,"[""Business & Productivity""]","[""Business & Productivity""]",true,1.000000000000,"[""Policy Evaluation / Impact Analysis""]","[""Policy Evaluation / Impact Analysis""]",true,1.000000000000,false,false,false,false,true,true,
2023/031,2023/031,2023/031,"[""Labour Market & Employment""]","[""Labour Market & Employment""]",true,1.000000000000,"[""Policy Evaluation / Impact Analysis""]","[""Policy Evaluation / Impact Analysis""]",true,1.000000000000,false,false,false,false,true,true,
2023/033,2023/033,2023/033,"[""Education & Skills""]","[""Education & Skills""]",true,1.000000000000,"[""Policy Evaluation / Impact Analysis""]","[""Policy Evaluation / Impact Analysis""]",true,1.000000000000,false,false,false,false,true,true,
2023/040,2023/040,2023/040,"[""Crime & Justice""]","[""Crime & Justice""]",true,1.000000000000,"[""Outcome Tracking""]","[""Outcome Tracking""]",true,1.000000000000,false,false,false,false,true,true,
2023/046,2023/046,2023/046,"[""Migration & Demographics""]","[""Migration & Demographics""]",true,1.000000000000,"[""Outcome Tracking""]","[""Outcome Tracking""]",true,1.000000000000,false,false,false,false,true,true,
2023/056,2023/056,2023/056,"[""Health & Social Care""]","[""Health & Social Care""]",true,1.000000000000,"[""Descriptive Monitoring"", ""Service Interaction / Systems Analysis""]","[""Descriptive Monitoring"", ""Service Interaction / Systems Analysis""]",true,1.000000000000,false,false,true,true,true,true,
2023/066,2023/066,2023/066,"[""Health & Social Care""]","[""Health & Social Care""]",true,1.000000000000,"[""Descriptive Monitoring""]","[""Descriptive Monitoring""]",true,1.000000000000,true,true,false,false,true,true,
2023/073,2023/073,2023/073,"[""Crime & Justice""]","[""Crime & Justice""]",true,1.000000000000,"[""Service Interaction / Systems Analysis""]","[""Service Interaction / Systems Analysis""]",true,1.000000000000,false,false,false,false,true,true,
2023/094,2023/094,2023/094,"[""Health & Social Care""]","[""Health & Social Care""]",true,1.000000000000,"[""Outcome Tracking""]","[""Outcome Tracking""]",true,1.000000000000,false,false,false,false,true,true,
2023/098,2023/098,2023/098,"[""Education & Skills"", ""Health & Social Care""]","[""Education & Skills"", ""Health & Social Care""]",true,1.000000000000,"[""Outcome Tracking""]","[""Outcome Tracking""]",true,1.000000000000,false,false,false,false,true,true,
2023/113,2023/113,2023/113,"[""Health & Social Care""]","[""Health & Social Care""]",true,1.000000000000,"[""Life-Course / Trajectory Analysis"", ""Outcome Tracking""]","[""Life-Course / Trajectory Analysis"", ""Outcome Tracking""]",true,1.000000000000,false,false,false,false,true,true,
2023/114,2023/114,2023/114,"[""Education & Skills"", ""Labour Market & Employment""]","[""Education & Skills"", ""Labour Market & Employment""]",true,1.000000000000,"[""Policy Evaluation / Impact Analysis""]","[""Policy Evaluation / Impact Analysis""]",true,1.000000000000,false,false,false,false,true,true,
2023/167,2023/167,2023/167,"[""Business & Productivity"", ""Environment & Agriculture""]","[""Business & Productivity"", ""Environment & Agriculture""]",true,1.000000000000,"[""Descriptive Monitoring""]","[""Descriptive Monitoring""]",true,1.000000000000,false,false,false,false,true,true,
2023/170,2023/170,2023/170,"[""Poverty, Wealth & Living Standards"", ""Public Finance & Taxation""]","[""Poverty, Wealth & Living Standards"", ""Public Finance & Taxation""]",true,1.000000000000,"[""Methodological / Infrastructure Research"", ""Policy Evaluation / Impact Analysis""]","[""Methodological / Infrastructure Research"", ""Policy Evaluation / Impact Analysis""]",true,1.000000000000,false,false,false,false,true,true,
2023/173,2023/173,2023/173,"[""Education & Skills""]","[""Education & Skills""]",true,1.000000000000,"[""Descriptive Monitoring"", ""Outcome Tracking""]","[""Descriptive Monitoring"", ""Outcome Tracking""]",true,1.000000000000,false,false,false,false,true,true,
2023/181,2023/181,2023/181,"[""Business & Productivity"", ""Labour Market & Employment""]","[""Business & Productivity"", ""Labour Market & Employment""]",true,1.000000000000,"[""Policy Evaluation / Impact Analysis""]","[""Policy Evaluation / Impact Analysis""]",true,1.000000000000,false,false,false,false,true,true,
2023/190,2023/190,2023/190,"[""Business & Productivity"", ""Labour Market & Employment""]","[""Business & Productivity"", ""Labour Market & Employment""]",true,1.000000000000,"[""Descriptive Monitoring""]","[""Descriptive Monitoring""]",true,1.000000000000,false,false,false,false,true,true,
2023/204,2023/204,2023/204,"[""Business & Productivity""]","[""Business & Productivity""]",true,1.000000000000,"[""Descriptive Monitoring""]","[""Descriptive Monitoring""]",true,1.000000000000,false,false,false,false,true,true,
2023/205,2023/205,2023/205,"[""Education & Skills""]","[""Education & Skills""]",true,1.000000000000,"[""Outcome Tracking""]","[""Outcome Tracking""]",true,1.000000000000,false,false,true,true,true,true,
2023/212,2023/212,2023/212,"[""Education & Skills"", ""Labour Market & Employment""]","[""Education & Skills""]",false,0.500000000000,"[""Life-Course / Trajectory Analysis"", ""Outcome Tracking""]","[""Life-Course / Trajectory Analysis"", ""Outcome Tracking""]",true,1.000000000000,false,false,false,false,true,false,
2023/215,2023/215,2023/215,"[""Labour Market & Employment""]","[""Labour Market & Employment""]",true,1.000000000000,"[""Life-Course / Trajectory Analysis""]","[""Descriptive Monitoring""]",false,0.000000000000,false,false,false,false,true,false,
2023/217,2023/217,2023/217,"[""Labour Market & Employment""]","[""Labour Market & Employment""]",true,1.000000000000,"[""Descriptive Monitoring""]","[""Descriptive Monitoring""]",true,1.000000000000,false,false,true,true,true,true,
2023/228,2023/228,2023/228,"[""Health & Social Care""]","[""Health & Social Care""]",true,1.000000000000,"[""Descriptive Monitoring"", ""Outcome Tracking""]","[""Descriptive Monitoring"", ""Outcome Tracking""]",true,1.000000000000,true,true,false,false,true,true,
2023/232,2023/232,2023/232,"[""Education & Skills"", ""Labour Market & Employment""]","[""Education & Skills"", ""Labour Market & Employment""]",true,1.000000000000,"[""Life-Course / Trajectory Analysis""]","[""Life-Course / Trajectory Analysis""]",true,1.000000000000,false,false,false,false,true,true,
2023/234,2023/234,2023/234,"[""Environment & Agriculture""]","[""Environment & Agriculture""]",true,1.000000000000,"[""Policy Evaluation / Impact Analysis""]","[""Policy Evaluation / Impact Analysis""]",true,1.000000000000,false,false,false,false,true,true,
2023/261,2023/261,2023/261,"[""Labour Market & Employment"", ""Poverty, Wealth & Living Standards""]","[""Labour Market & Employment"", ""Poverty, Wealth & Living Standards""]",true,1.000000000000,"[""Policy Evaluation / Impact Analysis""]","[""Descriptive Monitoring""]",false,0.000000000000,false,false,false,false,true,false,
2023/271,2023/271,2023/271,"[""Business & Productivity""]","[""Business & Productivity""]",true,1.000000000000,"[""Policy Evaluation / Impact Analysis""]","[""Policy Evaluation / Impact Analysis""]",true,1.000000000000,false,false,false,false,true,true,
2023/273,2023/273,2023/273,"[""Business & Productivity"", ""Environment & Agriculture""]","[""Business & Productivity"", ""Environment & Agriculture""]",true,1.000000000000,"[""Policy Evaluation / Impact Analysis""]","[""Policy Evaluation / Impact Analysis""]",true,1.000000000000,false,false,false,false,true,true,
2023/285,2023/285,2023/285,"[""Business & Productivity""]","[""Business & Productivity""]",true,1.000000000000,"[""Policy Evaluation / Impact Analysis""]","[""Policy Evaluation / Impact Analysis""]",true,1.000000000000,false,false,false,false,true,true,
2023/295,2023/295,2023/295,"[""Business & Productivity"", ""Data Infrastructure & Methodology""]","[""Business & Productivity"", ""Data Infrastructure & Methodology""]",true,1.000000000000,"[""Methodological / Infrastructure Research""]","[""Methodological / Infrastructure Research""]",true,1.000000000000,false,false,false,false,true,true,
2023/300,2023/300,2023/300,"[""Education & Skills"", ""Labour Market & Employment"", ""Poverty, Wealth & Living Standards""]","[""Education & Skills"", ""Labour Market & Employment"", ""Poverty, Wealth & Living Standards""]",true,1.000000000000,"[""Policy Evaluation / Impact Analysis""]","[""Policy Evaluation / Impact Analysis""]",true,1.000000000000,false,false,false,false,true,true,
2023/304,2023/304,2023/304,"[""Health & Social Care"", ""Labour Market & Employment""]","[""Health & Social Care"", ""Labour Market & Employment""]",true,1.000000000000,"[""Descriptive Monitoring""]","[""Descriptive Monitoring""]",true,1.000000000000,false,false,false,false,true,true,
2023/307,2023/307,2023/307,"[""Health & Social Care""]","[""Health & Social Care""]",true,1.000000000000,"[""Descriptive Monitoring""]","[""Descriptive Monitoring""]",true,1.000000000000,false,false,true,true,true,true,
2024/003,2024/003,2024/003,"[""Business & Productivity""]","[""Business & Productivity""]",true,1.000000000000,"[""Descriptive Monitoring""]","[""Descriptive Monitoring""]",true,1.000000000000,false,false,false,false,true,true,
2024/004,2024/004,2024/004,"[""Business & Productivity""]","[""Business & Productivity""]",true,1.000000000000,"[""Policy Evaluation / Impact Analysis""]","[""Policy Evaluation / Impact Analysis""]",true,1.000000000000,false,false,false,false,true,true,
2024/014/a,2024/014/a,2024/014/a,"[""Crime & Justice""]","[""Crime & Justice""]",true,1.000000000000,"[""Outcome Tracking""]","[""Outcome Tracking""]",true,1.000000000000,false,false,false,false,true,true,
2024/014/b,2024/014/b,2024/014/b,"[""Crime & Justice""]","[""Crime & Justice""]",true,1.000000000000,"[""Policy Evaluation / Impact Analysis""]","[""Policy Evaluation / Impact Analysis""]",true,1.000000000000,false,false,false,false,true,true,
2024/033,2024/033,2024/033,"[""Business & Productivity""]","[""Business & Productivity""]",true,1.000000000000,"[""Outcome Tracking""]","[""Outcome Tracking""]",true,1.000000000000,false,false,false,false,true,true,
2024/037,2024/037,2024/037,"[""Education & Skills"", ""Labour Market & Employment""]","[""Education & Skills"", ""Labour Market & Employment""]",true,1.000000000000,"[""Outcome Tracking""]","[""Outcome Tracking""]",true,1.000000000000,false,false,false,false,true,true,
2024/044,2024/044,2024/044,"[""Business & Productivity""]","[""Business & Productivity""]",true,1.000000000000,"[""Outcome Tracking""]","[""Outcome Tracking""]",true,1.000000000000,false,false,false,false,true,true,
2024/045,2024/045,2024/045,"[""Health & Social Care"", ""Labour Market & Employment""]","[""Health & Social Care"", ""Labour Market & Employment""]",true,1.000000000000,"[""Descriptive Monitoring""]","[""Descriptive Monitoring""]",true,1.000000000000,false,false,false,false,true,true,
2024/051,2024/051,2024/051,"[""Business & Productivity""]","[""Business & Productivity""]",true,1.000000000000,"[""Outcome Tracking""]","[""Outcome Tracking""]",true,1.000000000000,false,false,false,false,true,true,
2024/053,2024/053,2024/053,"[""Business & Productivity""]","[""Business & Productivity""]",true,1.000000000000,"[""Outcome Tracking""]","[""Outcome Tracking""]",true,1.000000000000,false,false,false,false,true,true,
2024/054,2024/054,2024/054,"[""Education & Skills"", ""Labour Market & Employment""]","[""Education & Skills"", ""Labour Market & Employment""]",true,1.000000000000,"[""Policy Evaluation / Impact Analysis""]","[""Policy Evaluation / Impact Analysis""]",true,1.000000000000,false,false,false,false,true,true,
2024/060,2024/060,2024/060,"[""Labour Market & Employment""]","[""Labour Market & Employment""]",true,1.000000000000,"[""Life-Course / Trajectory Analysis""]","[""Life-Course / Trajectory Analysis""]",true,1.000000000000,false,false,false,false,true,true,
2024/068,2024/068,2024/068,"[""Education & Skills"", ""Labour Market & Employment""]","[""Education & Skills"", ""Labour Market & Employment""]",true,1.000000000000,"[""Outcome Tracking""]","[""Life-Course / Trajectory Analysis"", ""Outcome Tracking""]",false,0.500000000000,false,false,true,true,true,false,
2024/085,2024/085,2024/085,"[""Education & Skills""]","[""Education & Skills""]",true,1.000000000000,"[""Risk Prediction / Early Identification""]","[""Methodological / Infrastructure Research"", ""Risk Prediction / Early Identification""]",false,0.500000000000,false,false,false,false,true,false,
2024/093,2024/093,2024/093,"[""Business & Productivity""]","[""Business & Productivity""]",true,1.000000000000,"[""Policy Evaluation / Impact Analysis""]","[""Policy Evaluation / Impact Analysis""]",true,1.000000000000,false,false,false,false,true,true,
2024/119,2024/119,2024/119,"[""Crime & Justice""]","[""Crime & Justice""]",true,1.000000000000,"[""Descriptive Monitoring"", ""Service Interaction / Systems Analysis""]","[""Descriptive Monitoring"", ""Service Interaction / Systems Analysis""]",true,1.000000000000,false,false,true,true,true,true,
2024/122,2024/122,2024/122,"[""Labour Market & Employment""]","[""Labour Market & Employment""]",true,1.000000000000,"[""Methodological / Infrastructure Research"", ""Policy Evaluation / Impact Analysis""]","[""Policy Evaluation / Impact Analysis""]",false,0.500000000000,false,false,false,false,true,false,
2024/126,2024/126,2024/126,"[""Business & Productivity""]","[""Business & Productivity""]",true,1.000000000000,"[""Outcome Tracking""]","[""Outcome Tracking""]",true,1.000000000000,false,false,false,false,true,true,
2024/136,2024/136,2024/136,"[""Education & Skills"", ""Labour Market & Employment""]","[""Education & Skills"", ""Labour Market & Employment""]",true,1.000000000000,"[""Outcome Tracking""]","[""Outcome Tracking""]",true,1.000000000000,false,false,false,false,true,true,
2024/139,2024/139,2024/139,"[""Crime & Justice""]","[""Crime & Justice""]",true,1.000000000000,"[""Service Interaction / Systems Analysis""]","[""Service Interaction / Systems Analysis""]",true,1.000000000000,false,false,false,false,true,true,
2024/144,2024/144,2024/144,"[""Education & Skills""]","[""Education & Skills""]",true,1.000000000000,"[""Outcome Tracking""]","[""Outcome Tracking""]",true,1.000000000000,false,false,true,true,true,true,
2024/157,2024/157,2024/157,"[""Education & Skills""]","[""Education & Skills""]",true,1.000000000000,"[""Outcome Tracking""]","[""Outcome Tracking""]",true,1.000000000000,false,false,false,false,true,true,
2024/161,2024/161,2024/161,"[""Poverty, Wealth & Living Standards""]","[""Poverty, Wealth & Living Standards""]",true,1.000000000000,"[""Descriptive Monitoring"", ""Policy Evaluation / Impact Analysis""]","[""Descriptive Monitoring"", ""Policy Evaluation / Impact Analysis""]",true,1.000000000000,false,false,true,true,true,true,
2024/167,2024/167,2024/167,"[""Education & Skills""]","[""Education & Skills""]",true,1.000000000000,"[""Life-Course / Trajectory Analysis""]","[""Life-Course / Trajectory Analysis""]",true,1.000000000000,false,false,false,false,true,true,
2024/193,2024/193,2024/193,"[""Business & Productivity""]","[""Business & Productivity""]",true,1.000000000000,"[""Outcome Tracking""]","[""Outcome Tracking""]",true,1.000000000000,false,false,false,false,true,true,
2024/194,2024/194,2024/194,"[""Health & Social Care""]","[""Health & Social Care""]",true,1.000000000000,"[""Descriptive Monitoring"", ""Service Interaction / Systems Analysis""]","[""Descriptive Monitoring"", ""Service Interaction / Systems Analysis""]",true,1.000000000000,false,false,false,false,true,true,
2024/197,2024/197,2024/197,"[""Education & Skills"", ""Health & Social Care""]","[""Education & Skills"", ""Health & Social Care""]",true,1.000000000000,"[""Outcome Tracking""]","[""Outcome Tracking""]",true,1.000000000000,false,false,false,false,true,true,
2024/204,2024/204,2024/204,"[""Education & Skills"", ""Health & Social Care"", ""Labour Market & Employment""]","[""Education & Skills"", ""Health & Social Care"", ""Labour Market & Employment""]",true,1.000000000000,"[""Outcome Tracking""]","[""Outcome Tracking""]",true,1.000000000000,false,false,false,false,true,true,
2024/218,2024/218,2024/218,"[""Crime & Justice""]","[""Crime & Justice""]",true,1.000000000000,"[""Policy Evaluation / Impact Analysis""]","[""Policy Evaluation / Impact Analysis""]",true,1.000000000000,false,false,false,false,true,true,
2024/239,2024/239,2024/239,"[""Labour Market & Employment""]","[""Labour Market & Employment""]",true,1.000000000000,"[""Descriptive Monitoring""]","[""Descriptive Monitoring""]",true,1.000000000000,false,false,false,false,true,true,
2024/256,2024/256,2024/256,"[""Crime & Justice""]","[""Crime & Justice""]",true,1.000000000000,"[""Descriptive Monitoring"", ""Service Interaction / Systems Analysis""]","[""Descriptive Monitoring"", ""Service Interaction / Systems Analysis""]",true,1.000000000000,false,false,false,false,true,true,
2025/001,2025/001,2025/001,"[""Education & Skills"", ""Health & Social Care""]","[""Education & Skills"", ""Health & Social Care""]",true,1.000000000000,"[""Outcome Tracking""]","[""Outcome Tracking""]",true,1.000000000000,false,false,false,false,true,true,
2025/002,2025/002,2025/002,"[""Health & Social Care""]","[""Health & Social Care""]",true,1.000000000000,"[""Policy Evaluation / Impact Analysis""]","[""Policy Evaluation / Impact Analysis""]",true,1.000000000000,false,false,false,false,true,true,
2025/024,2025/024,2025/024,"[""Poverty, Wealth & Living Standards""]","[""Poverty, Wealth & Living Standards""]",true,1.000000000000,"[""Outcome Tracking""]","[""Outcome Tracking""]",true,1.000000000000,false,false,false,false,true,true,
2025/036,2025/036,2025/036,"[""Education & Skills"", ""Labour Market & Employment""]","[""Education & Skills"", ""Labour Market & Employment""]",true,1.000000000000,"[""Outcome Tracking""]","[""Outcome Tracking""]",true,1.000000000000,false,false,false,false,true,true,
2025/038,2025/038,2025/038,"[""Business & Productivity""]","[""Business & Productivity""]",true,1.000000000000,"[""Outcome Tracking""]","[""Outcome Tracking""]",true,1.000000000000,false,false,false,false,true,true,
2025/053,2025/053,2025/053,"[""Business & Productivity""]","[""Business & Productivity""]",true,1.000000000000,"[""Outcome Tracking"", ""Policy Evaluation / Impact Analysis""]","[""Policy Evaluation / Impact Analysis""]",false,0.500000000000,false,false,false,false,true,false,
2025/058,2025/058,2025/058,"[""Business & Productivity""]","[""Business & Productivity""]",true,1.000000000000,"[""Outcome Tracking""]","[""Outcome Tracking""]",true,1.000000000000,false,false,false,false,true,true,
2025/060,2025/060,2025/060,"[""Health & Social Care"", ""Poverty, Wealth & Living Standards""]","[""Health & Social Care"", ""Poverty, Wealth & Living Standards""]",true,1.000000000000,"[""Descriptive Monitoring""]","[""Descriptive Monitoring""]",true,1.000000000000,false,false,false,false,true,true,
2025/061,2025/061,2025/061,"[""Education & Skills""]","[""Education & Skills""]",true,1.000000000000,"[""Outcome Tracking"", ""Service Interaction / Systems Analysis""]","[""Outcome Tracking"", ""Service Interaction / Systems Analysis""]",true,1.000000000000,false,false,false,false,true,true,
2025/062,2025/062,2025/062,"[""Education & Skills""]","[""Education & Skills""]",true,1.000000000000,"[""Outcome Tracking""]","[""Outcome Tracking""]",true,1.000000000000,false,false,false,false,true,true,
2025/069,2025/069,2025/069,"[""Health & Social Care""]","[""Health & Social Care""]",true,1.000000000000,"[""Descriptive Monitoring""]","[""Life-Course / Trajectory Analysis""]",false,0.000000000000,false,false,false,false,true,false,
2025/075,2025/075,2025/075,"[""Migration & Demographics""]","[""Migration & Demographics""]",true,1.000000000000,"[""Methodological / Infrastructure Research"", ""Outcome Tracking""]","[""Methodological / Infrastructure Research"", ""Outcome Tracking""]",true,1.000000000000,false,false,false,false,true,true,
2025/076,2025/076,2025/076,"[""Data Infrastructure & Methodology""]","[""Data Infrastructure & Methodology""]",true,1.000000000000,"[""Methodological / Infrastructure Research""]","[""Methodological / Infrastructure Research""]",true,1.000000000000,false,false,false,false,true,true,
2025/083,2025/083,2025/083,"[""Business & Productivity""]","[""Business & Productivity""]",true,1.000000000000,"[""Policy Evaluation / Impact Analysis""]","[""Policy Evaluation / Impact Analysis""]",true,1.000000000000,false,false,false,false,true,true,
2025/084,2025/084,2025/084,"[""Labour Market & Employment""]","[""Labour Market & Employment""]",true,1.000000000000,"[""Outcome Tracking""]","[""Outcome Tracking""]",true,1.000000000000,false,false,false,false,true,true,
2025/093,2025/093,2025/093,"[""Crime & Justice""]","[""Crime & Justice""]",true,1.000000000000,"[""Outcome Tracking""]","[""Outcome Tracking""]",true,1.000000000000,false,false,false,false,true,true,
2025/104,2025/104,2025/104,"[""Health & Social Care""]","[""Health & Social Care""]",true,1.000000000000,"[""Descriptive Monitoring"", ""Risk Prediction / Early Identification""]","[""Descriptive Monitoring"", ""Risk Prediction / Early Identification""]",true,1.000000000000,false,false,false,false,true,true,
2025/110,2025/110,2025/110,"[""Data Infrastructure & Methodology"", ""Health & Social Care""]","[""Data Infrastructure & Methodology"", ""Health & Social Care""]",true,1.000000000000,"[""Methodological / Infrastructure Research""]","[""Methodological / Infrastructure Research""]",true,1.000000000000,false,false,false,false,true,true,
2025/122,2025/122,2025/122,"[""Education & Skills""]","[""Education & Skills""]",true,1.000000000000,"[""Policy Evaluation / Impact Analysis""]","[""Policy Evaluation / Impact Analysis""]",true,1.000000000000,false,false,false,false,true,true,
2025/126,2025/126,2025/126,"[""Health & Social Care""]","[""Health & Social Care""]",true,1.000000000000,"[""Descriptive Monitoring""]","[""Descriptive Monitoring""]",true,1.000000000000,false,false,false,false,true,true,
2025/153,2025/153,2025/153,"[""Business & Productivity"", ""Labour Market & Employment""]","[""Business & Productivity"", ""Labour Market & Employment""]",true,1.000000000000,"[""Outcome Tracking""]","[""Outcome Tracking""]",true,1.000000000000,false,false,false,false,true,true,
2025/167,2025/167,2025/167,"[""Business & Productivity"", ""Education & Skills""]","[""Education & Skills"", ""Labour Market & Employment""]",false,0.333333333333,"[""Outcome Tracking""]","[""Outcome Tracking""]",true,1.000000000000,false,false,false,false,true,false,
2025/172,2025/172,2025/172,"[""Health & Social Care"", ""Migration & Demographics""]","[""Health & Social Care"", ""Migration & Demographics""]",true,1.000000000000,"[""Outcome Tracking""]","[""Outcome Tracking""]",true,1.000000000000,false,false,true,true,true,true,
2025/176,2025/176,2025/176,"[""Labour Market & Employment"", ""Migration & Demographics""]","[""Labour Market & Employment"", ""Migration & Demographics""]",true,1.000000000000,"[""Descriptive Monitoring""]","[""Outcome Tracking""]",false,0.000000000000,false,false,false,false,true,false,
2025/178,2025/178,2025/178,"[""Business & Productivity"", ""Labour Market & Employment""]","[""Business & Productivity"", ""Labour Market & Employment""]",true,1.000000000000,"[""Policy Evaluation / Impact Analysis""]","[""Policy Evaluation / Impact Analysis""]",true,1.000000000000,false,false,false,false,true,true,
2025/179,2025/179,2025/179,"[""Crime & Justice""]","[""Crime & Justice""]",true,1.000000000000,"[""Outcome Tracking""]","[""Outcome Tracking""]",true,1.000000000000,false,false,false,false,true,true,
2025/181,2025/181,2025/181,"[""Education & Skills""]","[""Education & Skills""]",true,1.000000000000,"[""Risk Prediction / Early Identification""]","[""Risk Prediction / Early Identification""]",true,1.000000000000,false,false,false,false,true,true,
2025/185,2025/185,2025/185,"[""Health & Social Care""]","[""Health & Social Care""]",true,1.000000000000,"[""Outcome Tracking"", ""Service Interaction / Systems Analysis""]","[""Outcome Tracking"", ""Service Interaction / Systems Analysis""]",true,1.000000000000,false,false,false,false,true,true,
2025/192,2025/192,2025/192,"[""Business & Productivity"", ""Labour Market & Employment""]","[""Business & Productivity"", ""Labour Market & Employment""]",true,1.000000000000,"[""Outcome Tracking""]","[""Descriptive Monitoring""]",false,0.000000000000,false,false,false,false,true,false,
2025/200,2025/200,2025/200,"[""Unclear from Register Entry""]","[""Unclear from Register Entry""]",true,1.000000000000,"[""Descriptive Monitoring""]","[""Descriptive Monitoring""]",true,1.000000000000,false,false,true,false,false,false,
2025/201,2025/201,2025/201,"[""Labour Market & Employment""]","[""Labour Market & Employment""]",true,1.000000000000,"[""Descriptive Monitoring""]","[""Descriptive Monitoring""]",true,1.000000000000,false,false,false,false,true,true,
2025/207,2025/207,2025/207,"[""Environment & Agriculture""]","[""Environment & Agriculture""]",true,1.000000000000,"[""Descriptive Monitoring""]","[""Descriptive Monitoring""]",true,1.000000000000,false,false,false,false,true,true,
2025/212,2025/212,2025/212,"[""Education & Skills""]","[""Education & Skills""]",true,1.000000000000,"[""Policy Evaluation / Impact Analysis""]","[""Policy Evaluation / Impact Analysis""]",true,1.000000000000,false,false,false,false,true,true,
2025/214,2025/214,2025/214,"[""Education & Skills"", ""Labour Market & Employment""]","[""Education & Skills"", ""Labour Market & Employment""]",true,1.000000000000,"[""Life-Course / Trajectory Analysis""]","[""Life-Course / Trajectory Analysis""]",true,1.000000000000,false,false,true,true,true,true,
2025/224,2025/224,2025/224,"[""Data Infrastructure & Methodology"", ""Health & Social Care""]","[""Data Infrastructure & Methodology"", ""Health & Social Care""]",true,1.000000000000,"[""Methodological / Infrastructure Research""]","[""Methodological / Infrastructure Research""]",true,1.000000000000,false,false,false,false,true,true,
2025/227,2025/227,2025/227,"[""Education & Skills"", ""Health & Social Care""]","[""Education & Skills"", ""Health & Social Care""]",true,1.000000000000,"[""Outcome Tracking""]","[""Outcome Tracking""]",true,1.000000000000,false,false,false,false,true,true,
2025/228,2025/228,2025/228,"[""Business & Productivity""]","[""Business & Productivity""]",true,1.000000000000,"[""Policy Evaluation / Impact Analysis""]","[""Policy Evaluation / Impact Analysis""]",true,1.000000000000,false,false,false,false,true,true,
2025/244,2025/244,2025/244,"[""Crime & Justice""]","[""Crime & Justice""]",true,1.000000000000,"[""Descriptive Monitoring""]","[""Descriptive Monitoring""]",true,1.000000000000,false,false,true,true,true,true,
2025/246,2025/246,2025/246,"[""Labour Market & Employment""]","[""Labour Market & Employment""]",true,1.000000000000,"[""Outcome Tracking""]","[""Descriptive Monitoring"", ""Outcome Tracking""]",false,0.500000000000,false,false,true,true,true,false,
2025/251,2025/251,2025/251,"[""Business & Productivity"", ""Environment & Agriculture""]","[""Business & Productivity"", ""Environment & Agriculture""]",true,1.000000000000,"[""Methodological / Infrastructure Research""]","[""Methodological / Infrastructure Research""]",true,1.000000000000,false,false,false,false,true,true,
2025/260,2025/260,2025/260,"[""Health & Social Care""]","[""Health & Social Care""]",true,1.000000000000,"[""Outcome Tracking"", ""Service Interaction / Systems Analysis""]","[""Outcome Tracking"", ""Service Interaction / Systems Analysis""]",true,1.000000000000,false,false,false,true,false,false,
2026/010,2026/010,2026/010,"[""Labour Market & Employment""]","[""Labour Market & Employment""]",true,1.000000000000,"[""Outcome Tracking""]","[""Outcome Tracking""]",true,1.000000000000,false,false,true,true,true,true,
2026/021,2026/021,2026/021,"[""Education & Skills"", ""Labour Market & Employment""]","[""Education & Skills"", ""Labour Market & Employment""]",true,1.000000000000,"[""Policy Evaluation / Impact Analysis""]","[""Policy Evaluation / Impact Analysis""]",true,1.000000000000,false,false,false,false,true,true,
2026/033,2026/033,2026/033,"[""Poverty, Wealth & Living Standards""]","[""Poverty, Wealth & Living Standards""]",true,1.000000000000,"[""Descriptive Monitoring""]","[""Descriptive Monitoring""]",true,1.000000000000,false,false,false,false,true,true,
2026/035,2026/035,2026/035,"[""Education & Skills""]","[""Education & Skills""]",true,1.000000000000,"[""Outcome Tracking""]","[""Outcome Tracking""]",true,1.000000000000,false,false,false,false,true,true,
2026/045,2026/045,2026/045,"[""Health & Social Care""]","[""Health & Social Care""]",true,1.000000000000,"[""Outcome Tracking""]","[""Outcome Tracking""]",true,1.000000000000,false,false,false,false,true,true,
2026/049,2026/049,2026/049,"[""Business & Productivity""]","[""Business & Productivity""]",true,1.000000000000,"[""Descriptive Monitoring"", ""Outcome Tracking""]","[""Descriptive Monitoring"", ""Outcome Tracking""]",true,1.000000000000,false,false,false,false,true,true,
2026/053,2026/053,2026/053,"[""Crime & Justice"", ""Education & Skills"", ""Health & Social Care""]","[""Crime & Justice"", ""Education & Skills"", ""Health & Social Care""]",true,1.000000000000,"[""Outcome Tracking""]","[""Outcome Tracking""]",true,1.000000000000,false,false,false,false,true,true,
2026/059,2026/059,2026/059,"[""Business & Productivity"", ""Environment & Agriculture""]","[""Business & Productivity"", ""Environment & Agriculture""]",true,1.000000000000,"[""Outcome Tracking""]","[""Outcome Tracking""]",true,1.000000000000,false,false,false,false,true,true,
2026/064,2026/064,2026/064,"[""Health & Social Care""]","[""Health & Social Care""]",true,1.000000000000,"[""Policy Evaluation / Impact Analysis""]","[""Policy Evaluation / Impact Analysis""]",true,1.000000000000,false,false,false,false,true,true,
2026/067,2026/067,2026/067,"[""Labour Market & Employment""]","[""Labour Market & Employment""]",true,1.000000000000,"[""Descriptive Monitoring""]","[""Descriptive Monitoring""]",true,1.000000000000,false,false,false,false,true,true,
2026/073,2026/073,2026/073,"[""Labour Market & Employment""]","[""Labour Market & Employment""]",true,1.000000000000,"[""Descriptive Monitoring""]","[""Descriptive Monitoring""]",true,1.000000000000,false,false,false,false,true,true,
2026/083,2026/083,2026/083,"[""Labour Market & Employment""]","[""Environment & Agriculture"", ""Labour Market & Employment""]",false,0.500000000000,"[""Descriptive Monitoring""]","[""Descriptive Monitoring""]",true,1.000000000000,false,false,false,false,true,false,
